user_sn,n_tweets,sportslaw_tweets_per_day,n_retweets,mean_retweets,mean_likes,id,real_name,n_following,n_followers,unique_retweeters,maps_city,sector,gender,maps_iso,maps_continent
LawInSport,425,2.323902226750203,883,2.0776470588235294,4.501176470588235,145208608,LawInSport,949,14673,251,London,news,body,GBR,Europe
MillsandReeve,2,0.010936010478824485,2,1,1,121077904,Mills & Reeve,851,9935,1,London,law,body,GBR,Europe
catherineordway,13,0.07108406811235915,11,0.8461538461538461,6.230769230769231,881394157,"Catherine Ordway, PhD",3180,1810,7,Sydney,academia,female,AUS,Oceania
CRS_Lawyers,1,0.005468005239412242,0,0,0,569040831,Charles Russell Speechlys,1081,2799,NA,London,law,body,GBR,Europe
smithpship,21,0.1148281100276571,1,0.047619047619047616,0.2857142857142857,130436974,Smith Partnership,3877,3604,1,Birmingham,law,body,GBR,Europe
SportsLawIndia,6,0.032808031436473456,25,4.166666666666667,5.5,4427709139,SLPC,289,983,NA,Bangalore,academia,body,IND,Asia
zennie62,15,0.08202007859118364,2,0.13333333333333333,0.6666666666666666,NA,NA,NA,NA,NA,San Francisco,business,male,USA,North America
sportslawMELB,1575,8.612108252074282,1892,1.2012698412698413,1.5187301587301587,1102816689115152400,Melbourne Sports Law,35,911,275,Melbourne,academia,male,AUS,Oceania
nisportslaw,206,1.1264090793189219,530,2.5728155339805827,6.334951456310679,236196880,Sports Law | R McTernaghan BL,3639,2032,76,Dublin,law,male,IRL,Europe
ZeroOffseason,4,0.02187202095764897,0,0,0,947075443,Brian,529,265,NA,Seattle,business,male,USA,North America
rugbyandthelaw,104,0.5686725448988732,248,2.3846153846153846,6.288461538461538,1016247240954966e3,Rugby and the Law,604,2173,103,London,law,male,GBR,Europe
FWWozniak,1,0.005468005239412242,0,0,2,1853953656,Filip Wojciech Wo≈∫niak,317,360,NA,Warsaw,law,male,POL,Europe
LawyerCas,28,0.15310414670354278,14,0.5,5,57603874,Cassandra Heilbronn,1162,4454,10,Riyadh,law,female,SAU,Asia
AthleteDefender,25,0.13670013098530606,60,2.4,15.72,3387287019,Jason Setchen,482,1301,37,Miami,law,male,USA,North America
paul_lenehan,3,0.016404015718236728,14,4.666666666666667,9.666666666666666,788306862043230200,Paul Lenehan,175,205,9,Glasgow,law,male,GBR,Europe
39SportsLaw,35,0.1913801833794285,33,0.9428571428571428,1.9142857142857144,1108314557779451900,39 Essex Sports Law,248,132,15,London,law,body,GBR,Europe
WHSSportsMgmt,5,0.02734002619706121,0,0,0.4,3299640488,Wakeland Sports Management,4999,1502,NA,Dallas,business,body,USA,North America
seancallanan,3,0.016404015718236728,0,0,1.6666666666666667,17765045,Sean Callanan,8717,18972,NA,Melbourne,business,male,AUS,Oceania
AndrewJGray,1,0.005468005239412242,1,1,2,19865916,Andrew Gray,306,179,NA,San Francisco,law,male,USA,North America
MatJessep,32,0.17497616766119176,21,0.65625,5.875,303518999,Mat Jessep,2983,2149,12,Sydney,law,male,AUS,Oceania
iamchrisrodwell,4,0.02187202095764897,1,0.25,0,704325855019995100,chris rodwell,991,140,NA,London,law,male,GBR,Europe
JayaBajaj2,2,0.010936010478824485,1,0.5,2.5,913119744819171300,Jaya Bajaj,576,130,NA,London,law,female,GBR,Europe
leiemcampo,10,0.05468005239412242,18,1.8,7.1,1034076548851269600,@leiemcampo,332,3813,5,Sao Paulo,news,body,BRA,South America
MNsportslaw,48,0.26246425149178765,20,0.4166666666666667,1.5833333333333333,96831633,Aalok Sharma,2736,318,18,Minneapolis,law,male,USA,North America
wladimyr,2,0.010936010478824485,3,1.5,5,34433031,Wladimyr Camargos,974,1613,NA,Brasilia,academia,male,BRA,South America
MRsportslaw,7,0.038276036675885694,38,5.428571428571429,9,757499613477732400,Mills & Reeve Sport,160,2449,15,London,law,body,GBR,Europe
AdamEpstein,9,0.049212047154710184,7,0.7777777777777778,3.888888888888889,491241440,Adam Epstein,197,211,2,Detroit,academia,male,USA,North America
WilliamFryLaw,15,0.08202007859118364,13,0.8666666666666667,2.066666666666667,707213083513638900,WILLIAM FRY,1422,1568,8,Dublin,law,male,IRL,Europe
FootballLawDS,7,0.038276036675885694,6,0.8571428571428571,9.714285714285714,263434616,David Seligman,1171,4168,2,Manchester,law,male,GBR,Europe
lesleylimaili,8,0.04374404191529794,4,0.5,0.75,142600024,Lesley Lim,754,554,3,Kuala Lumpur,law,female,MYS,Asia
GrupoRLD,1,0.005468005239412242,0,0,0,576070775,RLD,1130,1278,NA,Madrid,law,body,ESP,Europe
nickdemarco_,35,0.1913801833794285,86,2.4571428571428573,15,137814696,Nick De Marco QC,668,7291,46,London,law,male,GBR,Europe
IvanParron,1,0.005468005239412242,0,0,0,308668831,"Ivan Parron, Esq.",2111,1351,NA,Miami,law,male,USA,North America
DanMatheson,5,0.02734002619706121,5,1,22.6,495653694,Dan Matheson,483,1777,3,Chicago,academia,male,USA,North America
ChristianDennie,44,0.24059223053413867,17,0.38636363636363635,1.1136363636363635,552000761,Christian Dennie,136,279,13,Dallas,law,male,USA,North America
carreroquintero,3,0.016404015718236728,1,0.3333333333333333,0.3333333333333333,121825108,Carrero & Quintero,514,2217,1,Caracas,law,body,VEN,South America
Kibkabe,3,0.016404015718236728,0,0,0.3333333333333333,28927720,Kibkabe Araya,2225,1003,NA,Los Angeles,law,female,USA,North America
MickyCecunjanin,1,0.005468005239412242,1,1,2,1104418779512143900,EvPsyMick.,600,226,NA,Cleveland,NA,male,USA,North America
MurchisonLaw,1,0.005468005239412242,0,0,0,277569761,Murchison & Cumming,126,131,NA,Los Angeles,law,body,USA,North America
Akinyemiesq,8,0.04374404191529794,53,6.625,8,775010063874396200,'T√≥s√¨n Ak√¨ny√®mi,217,378,30,Lagos,law,male,NGA,Africa
SNafissi,34,0.18591217814001623,69,2.0294117647058822,10.323529411764707,3329061669,Shervine Nafissi,1610,1022,39,Zurich,law,male,CHE,Europe
ermanlawyer,13,0.07108406811235915,8,0.6153846153846154,0.5384615384615384,1003901351653339100,Nik_ErmanLawyer,427,134,2,Kuala Lumpur,law,male,MYS,Asia
NielsVerborgh,9,0.049212047154710184,17,1.8888888888888888,6.444444444444445,255083069,Niels Verborgh,100,875,NA,Bruxelles,law,male,BEL,Europe
BrabnersSport,30,0.16404015718236728,73,2.433333333333333,4.166666666666667,1024245464449859600,Brabners Sport,610,311,22,Manchester,law,body,GBR,Europe
rw_chambers,8,0.04374404191529794,15,1.875,0.875,1138132632816930800,Richard Wee Chambers,23,67,4,Kuala Lumpur,law,body,MYS,Asia
CarolCouse1,1,0.005468005239412242,8,8,18,1900145882,Carol Couse,488,1460,NA,Manchester,law,female,GBR,Europe
sportslegal_ke,13,0.07108406811235915,11,0.8461538461538461,1.6153846153846154,718325520606314500,Sports Legal,254,426,1,Nairobi,business,body,KEN,Africa
BrabnersEmp,3,0.016404015718236728,1,0.3333333333333333,1,1203308347,Brabners Employment,693,626,NA,Manchester,law,body,GBR,Europe
Thejetsetlex,1,0.005468005239412242,0,0,0,1153723650920444e3,Alexis Jones,11,4,NA,Los Angeles,law,female,USA,North America
didinyc,28,0.15310414670354278,10,0.35714285714285715,0.39285714285714285,265689995,didi reiss,1234,4832,5,New York,news,female,USA,North America
prof_mark_james,60,0.32808031436473456,175,2.9166666666666665,6.483333333333333,712197433,Mark James,192,1961,85,Manchester,academia,male,GBR,Europe
SW_SportsWord,2,0.010936010478824485,0,0,1.5,2539695421,Sports & Entertainment,937,1141,NA,Delhi,NA,body,IND,Asia
penn_sport,2,0.010936010478824485,2,1,2,2318570036,PennSports&Ent,146,67,1,London,law,body,GBR,Europe
SportsLawMsia,14,0.07655207335177139,11,0.7857142857142857,0.07142857142857142,3093999168,RWC Sports Law Malaysia,161,280,4,Kuala Lumpur,law,body,MYS,Asia
RogerQuiles,14,0.07655207335177139,19,1.3571428571428572,5.357142857142857,805362313,Roger Quiles,2185,1631,12,New York,business,male,USA,North America
namratac15,2,0.010936010478824485,2,1,21,3732421223,Namrata Chatterjee,1095,657,NA,Delhi,law,female,IND,Asia
OALNigeria,12,0.06561606287294691,27,2.25,4.75,583606010,Olisa Agbakoba Legal,442,592,19,Lagos,law,body,NGA,Africa
EsimetInfo,4,0.02187202095764897,0,0,0,853526294021242900,ESIMET,75,31,NA,Athens,ngo,body,GRC,Europe
SheillaDingus,40,0.2187202095764897,93,2.325,5.525,15573407,Sheilla Dingus,2134,2548,58,Memphis,news,female,USA,North America
PCCantidoping,4,0.02187202095764897,5,1.25,4.25,702961905875316700,The PCC - Funding Anti-Doping Science,3882,1446,1,Denver,ngo,body,USA,North America
AlexKel22,3,0.016404015718236728,7,2.3333333333333335,4.666666666666667,548636450,Alex Kelham,346,413,2,London,law,female,GBR,Europe
NLawGlobal,14,0.07655207335177139,0,0,0.21428571428571427,32382071,NortonRoseFulbright,631,18185,NA,London,law,body,GBR,Europe
PrinceLobel,12,0.06561606287294691,0,0,0,65406703,Prince Lobel Tye LLP,1190,923,NA,Boston,law,body,USA,North America
CRS_Sport,18,0.09842409430942037,16,0.8888888888888888,1.4444444444444444,2977835223,CRS_Sport,140,528,9,London,business,body,GBR,Europe
kruthika_ns,2,0.010936010478824485,3,1.5,24.5,9.6702224160188006e+17,Kruthika NS,853,290,1,Bangalore,law,female,IND,Asia
justinkozubal,1,0.005468005239412242,0,0,0,31264783,Justin Kozubal,485,221,NA,Columbus,academia,male,USA,North America
spcott,36,0.19684818861884074,105,2.9166666666666665,10.472222222222221,197540477,Sean Cottrell,994,6507,82,London,news,male,GBR,Europe
CloistersLaw,1,0.005468005239412242,4,4,23,562100017,Cloisters,326,3710,NA,London,law,body,GBR,Europe
TomRGrant,2,0.010936010478824485,0,0,1.5,729112790,Tom Grant,206,2429,NA,Manchester,law,male,GBR,Europe
isaffin,1,0.005468005239412242,0,0,0,83235551,Ingrid Saffin,135,93,NA,London,law,female,GBR,Europe
srinisaimani,1,0.005468005239412242,1,1,11,47319696,Srinivasan Saimani,428,551,NA,Delhi,law,male,IND,Asia
omelvenymyers,5,0.02734002619706121,3,0.6,0.4,65154484,O‚ÄôMelveny,1005,7939,1,Los Angeles,law,body,USA,North America
alanwilmotlaw,1,0.005468005239412242,1,1,4,1111062486432796700,Alan Wilmot,90,162,NA,Miami,law,male,USA,North America
SportHouseLP,1,0.005468005239412242,4,4,3,832231711991816200,SportHouse Solicitors,76,99,NA,Benin City,law,body,NGA,Africa
PinkLarkin,1,0.005468005239412242,1,1,0,1424175726,Pink Larkin,2695,1293,NA,Montreal,law,body,CAN,North America
Leo_Andreotti,1,0.005468005239412242,0,0,0,302253430,Leonardo Andreotti,116,531,NA,Rio de Janeiro,law,male,BRA,South America
MackrellSport,10,0.05468005239412242,1,0.1,0.4,3405492543,Mackrell. Sport,59,56,NA,London,law,body,GBR,Europe
JoMoore_,1,0.005468005239412242,0,0,6,858711191455240200,Jo Moore,505,1395,NA,London,law,female,GBR,Europe
sshashwat8,1,0.005468005239412242,0,0,1,441185546,Shashwat Srivastava,1056,409,NA,Kanpur,law,male,IND,Asia
1CrownOfficeRow,1,0.005468005239412242,1,1,8,421188415,1 Crown Office Row,1631,5468,NA,London,law,body,GBR,Europe
debbieelicksen,1,0.005468005239412242,0,0,0,16226533,Deb Elicksen,1128,878,NA,Calgary,business,male,CAN,North America
KiambraG,1,0.005468005239412242,1,1,2,2651904822,It‚Äôs just Kiki,656,663,NA,New York,business,female,USA,North America
ExquisteM,28,0.15310414670354278,3,0.10714285714285714,0.4642857142857143,1613820121,ExquisteM,115,218,2,Los Angeles,business,NA,USA,North America
EngleLaw29,13,0.07108406811235915,2,0.15384615384615385,0.6923076923076923,3242781001,Michael B. Engle,1237,491,NA,Washington,law,male,USA,North America
lexsportivablog,30,0.16404015718236728,49,1.6333333333333333,4.033333333333333,1130582381906288600,Lex Sportiva Blog,270,273,22,London,news,body,GBR,Europe
SportsLaws,24,0.13123212574589382,22,0.9166666666666666,3.0416666666666665,NA,NA,NA,NA,14,Toronto,law,male,CAN,North America
SHU_SportsLaw,11,0.06014805763353467,27,2.4545454545454546,5.090909090909091,773191363127087100,SHU_SportsLaw,107,299,8,West Yorkshire,academia,body,GBR,Europe
LeadChangeTrish,4,0.02187202095764897,0,0,2.5,876575143,Taco Shark,1648,2750,NA,Los Angeles,law,female,USA,North America
Si_Leaf,6,0.032808031436473456,1,0.16666666666666666,2,361761699,Simon Leaf,306,207,1,London,law,male,GBR,Europe
swiss_law,8,0.04374404191529794,22,2.75,8.125,1110531747765280800,Swiss Sports Law,61,285,13,Zurich,academia,body,CHE,Europe
SportsLawBlonde,27,0.14763614146413054,18,0.6666666666666666,2.925925925925926,2741120635,Jaime „ÄΩÔ∏èiettinen‚úåüèª,1506,1406,8,Detroit,law,female,USA,North America
BarcaUni,3,0.016404015718236728,0,0,0,797183228914401300,Bar√ßa Universitas,393,6700,NA,Barcelona,academia,body,ESP,Europe
alexbro2525,15,0.08202007859118364,2,0.13333333333333333,0.5333333333333333,3017621681,Alex Brooks,155,70,2,London,law,male,GBR,Europe
InsideSportsLaw,2,0.010936010478824485,6,3,7.5,1202058846,The Sports Law Blog,132,6750,1,New York,law,body,USA,North America
LawTop20,45,0.2460602357735509,138,3.066666666666667,14.8,263540387,Gregory Ioannidis,1242,22166,67,Manchester,academia,male,GBR,Europe
Sportslaw_Asser,53,0.28980427768884887,143,2.69811320754717,5.339622641509434,1430319756,Asser Sports Law,850,5411,60,Amsterdam,academia,body,NLD,Europe
Phil_RealDeal,5,0.02734002619706121,0,0,1.2,2307789762,Phillip Garrett,795,168,NA,Los Angeles,NA,male,USA,North America
Pinks_august25,1,0.005468005239412242,0,0,0,1075873230131523600,Pinky Simbag,70,31,NA,Manila,NA,female,PHL,Asia
TheTrue_Jsmith,4,0.02187202095764897,0,0,0.75,62333726,Jonathan Smith,158,144,NA,Los Angeles,law,male,USA,North America
threadreaderapp,2,0.010936010478824485,0,0,0,895814938995957800,Thread Reader App,1282,230371,NA,Vancouver,news,body,CAN,North America
mert_yasar,9,0.049212047154710184,314,34.888888888888886,58.888888888888886,89669913,Mert Ya≈üar,1385,8027,NA,Istanbul,law,male,TUR,Asia
Ant1Duval,21,0.1148281100276571,124,5.904761904761905,19.61904761904762,848985649030025200,Antoine Duval,738,1360,44,Amsterdam,academia,male,NLD,Europe
newenglandlaw,1,0.005468005239412242,0,0,1,239533093,New England Law,635,2205,NA,Boston,academia,body,USA,North America
SportsLS,7,0.038276036675885694,7,1,1.4285714285714286,390006442,Lewis Silkin Sports,1217,1463,7,London,law,body,GBR,Europe
Tal_Segev,5,0.02734002619706121,2,0.4,5,2530555644,Tal Segev,514,297,2,Tel Aviv-Jaffa,law,male,ISR,Asia
MJGSportsBiz,2,0.010936010478824485,0,0,0,743801851263524900,Martin J. Greenberg,123,109,NA,Milwaukee,news,male,USA,North America
ric_wee,1,0.005468005239412242,0,0,7,20745840,Ric Wee,3725,7386,NA,Kuala Lumpur,NA,male,MYS,Asia
CarolOnAdvLaw,14,0.07655207335177139,1,0.07142857142857142,0.2857142857142857,20435347,Carol Brani,5075,6015,1,Charlotte,law,female,USA,North America
ABAEntSports,1,0.005468005239412242,1,1,2,329180477,ABA Ent & Sports,2207,2986,NA,Chicago,ngo,body,USA,North America
EdBowers101,3,0.016404015718236728,3,1,2,4853827786,Ed Bowers,719,583,2,London,business,male,GBR,Europe
SteveFlynnBar,12,0.06561606287294691,17,1.4166666666666667,4,1667718085,Steven Flynn,529,1076,9,Birmingham,law,male,GBR,Europe
SportyEsquire,2,0.010936010478824485,1,0.5,0.5,456661065,Cecelia Townes,466,831,1,Atlanta,business,female,USA,North America
Calder1Bullock,1,0.005468005239412242,0,0,0,1085007991995277300,Calderone Bullock Ward LLC,13,3,NA,New York,law,body,USA,North America
PitStop4IP,7,0.038276036675885694,6,0.8571428571428571,2,398529037,Seamus corbettius,160,289,5,London,business,male,GBR,Europe
JacksonLewisPC,2,0.010936010478824485,1,0.5,3,154650073,Jackson Lewis P.C.,1108,4618,NA,New York,law,body,USA,North America
CocciaDe,6,0.032808031436473456,2,0.3333333333333333,0.5,1041649741690429400,Coccia De Angelis Vecchio & Associati,93,12,1,Rome,law,body,ITA,Europe
PoldervaartPSB,2,0.010936010478824485,2,1,4.5,NA,NA,NA,NA,2,Amsterdam,business,male,NLD,Europe
SICILIANJUJITSV,3,0.016404015718236728,0,0,0.6666666666666666,3845172498,Tony Alfreda,572,289,NA,Phoenix,business,male,USA,North America
Phidd,7,0.038276036675885694,2,0.2857142857142857,0.8571428571428571,23050594,"Alicia M. Phidd, Esq",4749,1895,NA,Miami,law,female,USA,North America
BalazinskiM,9,0.049212047154710184,0,0,1.7777777777777777,762615860053872600,Maciej Ba≈Çazi≈Ñski,187,669,NA,Warsaw,law,male,POL,Europe
BatasSportiva,3,0.016404015718236728,2,0.6666666666666666,2.3333333333333335,726217877527904300,Batas Sportiva,83,282,1,Manila,news,body,PHL,Asia
MickeyInglesLaw,25,0.13670013098530606,254,10.16,71.4,78554482,Mickey Ingles,585,4184,158,Manila,law,male,PHL,Asia
TheStroBro,55,0.30074028816767334,13,0.23636363636363636,1.0363636363636364,383007508,AC Slater,72,637,6,New York,news,male,USA,North America
ShanaSL_,5,0.02734002619706121,36,7.2,26.6,191107197,Sharon Meza Rold√°n,191,2172,26,Madrid,law,female,ESP,Europe
FrankfurtKurnit,1,0.005468005239412242,0,0,0,246361112,Frankfurt Kurnit,591,1161,NA,New York,law,body,USA,North America
EditorAMcMillan,1,0.005468005239412242,0,0,0,74808635,Anne McMillan,2347,916,NA,London,news,female,GBR,Europe
BraslowLegal,1,0.005468005239412242,1,1,0,1136267922643595300,BraslowLegal,36,14,NA,Orlando,law,body,USA,North America
eusportslaw,3,0.016404015718236728,3,1,5.333333333333333,458705659,CSLR,418,2285,2,Manchester,academia,body,GBR,Europe
blakeyagman,3,0.016404015718236728,8,2.6666666666666665,6.666666666666667,NA,NA,NA,NA,4,New York,law,male,USA,North America
sydsportslawyer,9,0.049212047154710184,1,0.1111111111111111,0.6666666666666666,1086916950247190500,Sydney Sports Lawyer,383,30,NA,Sydney,law,body,AUS,Oceania
SuccessCheck,11,0.06014805763353467,0,0,2.3636363636363638,1157851908612284400,Success Is Subjective #Checkmark,112,16,NA,Miami,law,female,USA,North America
TraceyLeeHolmes,6,0.032808031436473456,120,20,30.833333333333332,54958094,Tracey Holmes,2662,9568,95,Sydney,news,female,AUS,Oceania
DrTab3,13,0.07108406811235915,38,2.923076923076923,12.538461538461538,1117287684,Thomas A. Baker III ‚öæÔ∏è‚öñ,1777,4749,32,Atlanta,academia,male,USA,North America
dilletaunt,27,0.14763614146413054,39,1.4444444444444444,1.7037037037037037,15926947,Jason Cruz,836,1387,16,Seattle,law,male,USA,North America
AlexTourino,1,0.005468005239412242,5,5,3,120406427,Alejandro Touri√±o,1070,6549,5,Madrid,law,male,ESP,Europe
EskaLaw,8,0.04374404191529794,7,0.875,6.25,NA,NA,NA,NA,3,Tehran,law,body,IRN,Asia
d_mavromati,3,0.016404015718236728,12,4,27.333333333333332,4438542082,Despina Mavromati,214,2193,10,Zurich,law,female,CHE,Europe
carlavarriale,30,0.16404015718236728,15,0.5,2.8666666666666667,23316540,Carla Varriale,1196,708,7,New York,law,female,USA,North America
BCLPlaw,1,0.005468005239412242,1,1,2,59207404,Bryan Cave Leighton Paisner LLP,309,6916,1,St. Louis,law,body,USA,North America
CrestaSportsLaw,3,0.016404015718236728,1,0.3333333333333333,5.333333333333333,312728773,S√©bastien Ledure,179,367,1,Bruxelles,law,male,BEL,Europe
nikkstercricket,3,0.016404015718236728,1,0.3333333333333333,2.3333333333333335,20631401,Nikki Holmes,1161,839,1,London,academia,female,GBR,Europe
CLS_summer,1,0.005468005239412242,0,0,4,2831222211,CLS Summer Schools,21,70,NA,Prague,academia,body,CZE,Europe
wmsportsgroup,1,0.005468005239412242,3,3,2,1005752942,WM Sports Group,212,151,3,West Yorkshire,law,body,GBR,Europe
TheFFAfrica,2,0.010936010478824485,0,0,0,965690140386627600,The Football Foundation for Africa,113,104,NA,Nairobi,ngo,body,KEN,Africa
FIDE_chess,2,0.010936010478824485,9,4.5,13,249601765,International Chess Federation,467,65635,7,Zurich,NA,body,CHE,Europe
ChefsDisaster,2,0.010936010478824485,0,0,0,2985092295,The Disaster Chefs,220,115,NA,New York,NA,NA,USA,North America
TheSportsDotBiz,1,0.005468005239412242,2,2,18,1026646922067693600,The Sports Biz,2416,6087,NA,Miami,news,body,USA,North America
suttonimpaQt,4,0.02187202095764897,2,0.5,0.5,208909195,#Agent00Sutton ‚Ñ¢Ô∏è üèà|‚öñÔ∏è,954,3479,NA,Atlanta,business,male,USA,North America
dainik_mitra,1,0.005468005239412242,3,3,3,1113378272098824200,DainikMitra,115,11,NA,Poona,news,body,IND,Asia
TFFBASKANADAYI,17,0.09295608907000812,17,1,0,1457194802,TFF BA≈ûKANI AYHAN SAƒûALTICI.,1828,184,1,Istanbul,NA,male,TUR,Asia
DougWagner,1,0.005468005239412242,0,0,1,17324306,üåπDoug WagnerüèåÔ∏èüèº‚Äç‚ôÇÔ∏è,1274,1327,NA,Chicago,news,male,USA,North America
SportsLawHQ,12,0.06561606287294691,3,0.25,0.5833333333333334,3171311929,üèà SportsLawHQ ‚öñÔ∏è,1158,793,3,Philadelphia,news,male,USA,North America
bolcarius,19,0.1038920995488326,18,0.9473684210526315,6,21074446,Bla≈æ Toma≈æin Bolcar,548,941,12,Budapest,law,male,HUN,Europe
TMCAsser,9,0.049212047154710184,46,5.111111111111111,8.88888888888889,226546977,TMC Asser Instituut,1191,6939,20,Amsterdam,academia,body,NLD,Europe
wieschemann,5,0.02734002619706121,2,0.4,1.6,562666366,Christof Wieschemann,194,289,1,Cologne,law,male,DEU,Europe
carlosmarcovald,1,0.005468005239412242,1,1,1,304313331,Carlos Marco,458,1271,NA,Madrid,law,male,ESP,Europe
BrabnersLLP,4,0.02187202095764897,31,7.75,5.75,478633953,Brabners LLP,706,2930,15,Manchester,law,body,GBR,Europe
ahilliardjd,14,0.07655207335177139,1,0.07142857142857142,0.07142857142857142,1152286776779841500,"Anthony Hilliard, J.D.",208,8,NA,Miami,business,male,USA,North America
ESLJournal_new,1,0.005468005239412242,2,2,3,738342191333052400,ESLJournal_new,112,188,NA,London,news,body,GBR,Europe
KevSportsLaw,37,0.20231619385825297,49,1.3243243243243243,6.783783783783784,201173413,Kevin Carpenter,3465,6560,31,Manchester,business,male,GBR,Europe
olympialex,3,0.016404015718236728,2,0.6666666666666666,1.6666666666666667,2826813618,Olympialex,150,81,NA,Milan,news,body,ITA,Europe
ben_cisneros,19,0.1038920995488326,12,0.631578947368421,4.578947368421052,1314655538,Ben Cisneros,305,545,11,London,law,male,GBR,Europe
alexeliud,1,0.005468005239412242,1,1,8,218196387,Alexander #Ssensikombi üëë,3317,1525,NA,Kampala,law,male,UGA,Africa
MuckleLLP,1,0.005468005239412242,1,1,9,407693945,Muckle LLP,5758,5520,NA,Manchester,law,body,GBR,Europe
RealMadridUE,3,0.016404015718236728,9,3,8,1320060265,Escuela Universitaria Real Madrid - UE,485,43116,7,Madrid,academia,body,ESP,Europe
Niranjan170496,1,0.005468005239412242,0,0,5,NA,NA,NA,NA,NA,Bangalore,law,male,IND,Asia
JackEdwardsEsq,6,0.032808031436473456,0,0,0.3333333333333333,784140671066120200,Jack Edwards,2122,761,NA,Houston,law,male,USA,North America
Hogshead3Au,11,0.06014805763353467,63,5.7272727272727275,18,222518495,"Nancy Hogshead-Makar, JD, Oly",3125,8149,45,Jacksonville,NA,female,USA,North America
cmoralesarcos,11,0.06014805763353467,1,0.09090909090909091,0.09090909090909091,1260520136,Christian Morales,633,779,1,Quito,law,male,ECU,South America
kellicurrie,3,0.016404015718236728,1,0.3333333333333333,3.3333333333333335,6541842,Kelli Currie,933,745,1,Seattle,academia,female,USA,North America
AthleteCareers,6,0.032808031436473456,2,0.3333333333333333,0.6666666666666666,2829666765,Athlete Careers,1835,1446,1,Kansas City,business,body,USA,North America
EverestLawSport,1,0.005468005239412242,2,2,0,908995572761276400,Sportadvocaten.be,777,75,2,Bruxelles,law,body,BEL,Europe
ronbarry21,4,0.02187202095764897,0,0,0.25,17333754,Ron Barry,1001,659,NA,Memphis,business,male,USA,North America
natlawreview,3,0.016404015718236728,0,0,0.6666666666666666,55655935,National Law Review,3588,32011,NA,Chicago,news,body,USA,North America
NatLawGlobal,2,0.010936010478824485,0,0,0,2925859031,NatLawGlobal,123,94,NA,Chicago,news,body,USA,North America
Rach_Somerset,6,0.032808031436473456,9,1.5,9.333333333333334,2864620696,@rachaelsomerset,1073,528,7,Manchester,law,female,GBR,Europe
ThirtyPP,2,0.010936010478824485,7,3.5,12,346599391,30 Park Place,964,1837,4,Birmingham,law,body,GBR,Europe
UNHLaw,11,0.06014805763353467,20,1.8181818181818181,4.454545454545454,16015091,UNH Franklin Pierce School of Law,940,6712,12,Boston,academia,body,USA,North America
jacksonkellylaw,11,0.06014805763353467,0,0,0.18181818181818182,42622085,Jackson Kelly PLLC,321,646,NA,Denver,law,body,USA,North America
matthewpryke,2,0.010936010478824485,0,0,1.5,29568650,Matthew Pryke,950,606,NA,London,law,male,GBR,Europe
lauracanham,1,0.005468005239412242,0,0,1,125113833,laura,275,199,NA,London,law,female,GBR,Europe
PK_Hutchinson,3,0.016404015718236728,2,0.6666666666666666,5,725249670218395600,Phil Hutchinson,492,737,1,Birmingham,law,male,GBR,Europe
HamlinsLLP,1,0.005468005239412242,0,0,1,1153951704,Hamlins LLP,326,597,NA,London,law,body,GBR,Europe
EnricRG,11,0.06014805763353467,21,1.9090909090909092,12.454545454545455,291654950,Enric Ripoll,1871,1286,16,Barcelona,law,male,ESP,Europe
ALTib_Sportslaw,7,0.038276036675885694,29,4.142857142857143,9.428571428571429,NA,NA,NA,NA,20,Bruxelles,law,body,BEL,Europe
CambiseH,1,0.005468005239412242,0,0,0,1060148509,Cambise Heron,163,135,NA,London,news,male,GBR,Europe
RafaelSch14,1,0.005468005239412242,1,1,0,870775328469389300,Rafael Schroeder,296,75,NA,Mexico City,law,male,MEX,North America
1sportlawyerSTH,1,0.005468005239412242,0,0,0,358661935,Stephen Taylor Heath,895,421,NA,Manchester,law,male,GBR,Europe
frontrowtalk,1,0.005468005239412242,0,0,0,109521670,FrontRow Legal,682,510,NA,West Yorkshire,law,body,GBR,Europe
getDeestweets,2,0.010936010478824485,7,3.5,7.5,1643287376,Windy Dees,877,4674,5,Miami,academia,female,USA,North America
jmwsolicitors,1,0.005468005239412242,12,12,25,31367143,JMW Solicitors,1856,10998,12,Manchester,law,body,GBR,Europe
LKKSportsLaw,3,0.016404015718236728,4,1.3333333333333333,2.6666666666666665,970601533267234800,LKKSportsLaw,1,359,4,Zurich,law,body,CHE,Europe
ktrain_11,2,0.010936010478824485,3,1.5,4,74830283,Kelsey Trainor,4956,3445,3,New York,law,female,USA,North America
KMDiGio,1,0.005468005239412242,0,0,3,304073191,Kris Di Giovanni,3272,982,NA,Los Angeles,law,male,USA,North America
JamiePtaszynsk1,7,0.038276036675885694,0,0,0.42857142857142855,1082735190051557400,Jamie Ptaszynski,189,29,NA,London,law,male,GBR,Europe
AntonioRigozzi,5,0.02734002619706121,19,3.8,18.4,1275158348,Antonio Rigozzi,97,1029,13,Zurich,academia,male,CHE,Europe
roca_toni,2,0.010936010478824485,2,1,6.5,819486883,Toni Roca,106,354,2,Barcelona,law,male,ESP,Europe
youriplawyer_,2,0.010936010478824485,0,0,1.5,1048720533657964500,LegalMak,629,233,NA,Abuja,law,body,NGA,Africa
akaa89,1,0.005468005239412242,0,0,0,44604966,Antti Koivula,1626,1627,NA,Helsinki,NA,male,FIN,Europe
matthewjogrady,1,0.005468005239412242,2,2,58,465856530,Matthew O'Grady,974,1145,2,Birmingham,law,male,GBR,Europe
revoiindia,1,0.005468005239412242,0,0,1,1072654254064586800,Real Voice Of India - Revoi.in,146,27,NA,Delhi,NA,body,IND,Asia
HaskellMurray,7,0.038276036675885694,4,0.5714285714285714,1.2857142857142858,202704430,Haskell Murray,818,1100,2,Memphis,academia,male,USA,North America
davemaney,1,0.005468005239412242,0,0,0,22956905,Dave Maney,289,845,NA,Denver,news,male,USA,North America
SilverKayondo,6,0.032808031436473456,13,2.1666666666666665,7.666666666666667,131593818,Silver Kayondo,11607,11914,11,Cape Town,law,male,ZAF,Africa
clairezovko,18,0.09842409430942037,14,0.7777777777777778,3.4444444444444446,50317208,"Claire Zovko, Esq.",420,3661,12,Miami,academia,female,USA,North America
kenshropshire,5,0.02734002619706121,5,1,2.6,23210159,Kenneth L. Shropshire,1358,3713,5,Philadelphia,business,male,USA,North America
YorkshireLegal,2,0.010936010478824485,5,2.5,3,112412621,Chadwick Lawrence,610,2454,3,West Yorkshire,law,body,GBR,Europe
lauramcneal,2,0.010936010478824485,0,0,0,167909022,Laura McNeal,494,490,NA,Boston,academia,female,USA,North America
LegalManFlan,1,0.005468005239412242,0,0,8,2282800435,Christopher Flanagan,920,941,NA,London,law,male,GBR,Europe
Sportlicitors,6,0.032808031436473456,33,5.5,4.333333333333333,922880033303269400,Sportlicitors‚Ñ¢,21,322,21,Lagos,law,body,NGA,Africa
LindhardtMA,3,0.016404015718236728,0,0,2.3333333333333335,768002270,Marie-Anne Lindhardt,220,189,NA,Stockholm,law,female,SWE,Europe
davemcardle,3,0.016404015718236728,1,0.3333333333333333,5.333333333333333,142299250,David McArdle,3306,3380,1,Glasgow,academia,male,GBR,Europe
MiamiLawSchool,1,0.005468005239412242,4,4,16,292561026,University of Miami School of Law - #MiamiLaw,346,4091,3,Miami,academia,body,USA,North America
rpoliesportiva,2,0.010936010478824485,0,0,0.5,778243582025199600,R√°dio Poliesportiva,652,165,NA,Sao Paulo,news,body,BRA,South America
JAMSADR,1,0.005468005239412242,0,0,3,153490587,JAMS,1211,3990,NA,Los Angeles,business,body,USA,North America
ScholarsOTG,28,0.15310414670354278,3,0.10714285714285714,0.32142857142857145,1044286213144875e3,Scholars of the Game,481,173,2,Memphis,academia,body,USA,North America
dannystuk,2,0.010936010478824485,1,0.5,0.5,198387846,Danny Stuk,322,105,NA,Melbourne,law,male,AUS,Oceania
SnoLegal,4,0.02187202095764897,9,2.25,33.75,219035220,Sarah Ochwada,1102,2508,8,Nairobi,law,female,KEN,Africa
nandankamath,4,0.02187202095764897,17,4.25,37.75,87360588,Nandan Kamath,415,2088,17,Bangalore,law,male,IND,Asia
EastLawpk,1,0.005468005239412242,0,0,1,897694857770266600,EastLaw.pk,109,73,NA,Lahore,news,body,PAK,Asia
vijdantahir,2,0.010936010478824485,3,1.5,3.5,229759809,Vijdan Tahir,313,27,3,London,law,male,GBR,Europe
WerlySportsLaw,6,0.032808031436473456,17,2.8333333333333335,13.5,2457320617,Dan Werly,3654,7097,15,Memphis,law,male,USA,North America
courtingthelaw,1,0.005468005239412242,3,3,12,3171793075,Courting The Law,392,38799,3,Lahore,news,body,PAK,Asia
idrottsforum,8,0.04374404191529794,9,1.125,1.375,1173338568,The Editor,282,1288,7,Stockholm,news,body,SWE,Europe
BrianJMurphy4,6,0.032808031436473456,0,0,0,1024724138760589300,Brian J. Murphy,2,4,NA,Los Angeles,law,male,USA,North America
Just_JP_,1,0.005468005239412242,0,0,6,591996811,JP Abercrumbie,1229,1319,NA,Houston,business,female,USA,North America
SportsLawExper1,2,0.010936010478824485,7,3.5,2.5,1060463312671043600,Sports Law Expert,17,79,5,Manchester,law,body,GBR,Europe
SportSXMichelle,3,0.016404015718236728,0,0,0.6666666666666666,756086166,SportSXMichelle,3383,4088,NA,Las Vegas,news,female,USA,North America
BCF_Avocats_Law,1,0.005468005239412242,0,0,2,1578329204,BCF Avocats | Law,861,740,NA,Montreal,law,body,CAN,North America
Gana_Law,57,0.3116762986464978,2,0.03508771929824561,0.10526315789473684,837815749855043600,Gana Law,157,9,2,Toronto,law,female,CAN,North America
GHER_ASOCIADOS,16,0.08748808383059588,45,2.8125,9.3125,569223577,GHER Sports,2411,2707,15,Bogota,law,body,COL,South America
LaurenceVick,1,0.005468005239412242,0,0,2,414020705,LaurenceVick,893,3471,NA,London,law,male,GBR,Europe
DtoComparado,1,0.005468005239412242,0,0,1,1056191141408841700,Direito Comparado,1710,358,NA,Lisbon,news,body,PRT,Europe
goldalane,2,0.010936010478824485,1,0.5,1.5,915573541,Chris Lane,493,276,1,London,business,male,GBR,Europe
blackletterpod,2,0.010936010478824485,0,0,0.5,1154744740111409200,Blackletter Podcast,3,10,NA,Washington,news,body,USA,North America
karim_o_selim,1,0.005468005239412242,2,2,4,2863923326,Karim Selim,332,246,2,Cairo,business,male,EGY,Africa
_getor,1,0.005468005239412242,0,0,0,104867319,GETOR,151,214,NA,Accra,NA,male,GHA,Africa
GenTactic,3,0.016404015718236728,3,1,9.666666666666666,428479968,Genevieve Gordon,576,733,2,London,business,female,GBR,Europe
FifaCiesIndia,1,0.005468005239412242,1,1,9,1069574067605266400,PILLAI/FIFA/CIES India & South Asia,64,130,1,Mumbai,academia,body,IND,Asia
quendesmond,1,0.005468005239412242,0,0,0,1031961965005025300,"Dr. Quen, The Legal Man",127,37,NA,Washington,law,male,USA,North America
guiunit,2,0.010936010478824485,0,0,0,NA,NA,NA,NA,NA,Sao Paulo,NA,male,BRA,South America
foxmandalindia,1,0.005468005239412242,0,0,3,762906699904585700,Fox Mandal,168,72,NA,Calcutta,law,body,IND,Asia
paulloving,1,0.005468005239412242,0,0,1,20727380,Paul Loving,324,981,NA,Portland,law,male,USA,North America
johnsamwilson,3,0.016404015718236728,5,1.6666666666666667,12.666666666666666,22590577,John Wilson,454,290,3,Seattle,law,male,USA,North America
DANGER180,2,0.010936010478824485,0,0,7,23770941,DANGERüéØ,359,344,NA,Dublin,law,male,IRL,Europe
LandlordAid,1,0.005468005239412242,0,0,1,1685215748,Phillip Coburn,2957,1134,NA,Manchester,law,male,GBR,Europe
brycelegal,9,0.049212047154710184,4,0.4444444444444444,0.2222222222222222,115384461,Shauna C. Bryce | Career Development for Lawyers,7854,14842,4,Washington,NA,female,USA,North America
crombola,3,0.016404015718236728,0,0,1.6666666666666667,419467293,Carlo Rombol√†,1179,304,NA,Rome,law,male,ITA,Europe
EdinSportsConf,7,0.038276036675885694,9,1.2857142857142858,5.714285714285714,838902545078693900,EdinSportsConf,509,537,5,Glasgow,ngo,body,GBR,Europe
Leigh_DT,7,0.038276036675885694,18,2.5714285714285716,4.285714285714286,2166574577,Leigh Thompson,648,736,13,London,business,male,GBR,Europe
KateKPorter,2,0.010936010478824485,4,2,9.5,3293349191,Kate Porter,103,69,4,New York,law,female,USA,North America
Media_LS,3,0.016404015718236728,1,0.3333333333333333,0.3333333333333333,1183122858,Lewis Silkin Media,62,320,1,London,law,body,GBR,Europe
mulaw,5,0.02734002619706121,2,0.4,3.8,15086302,mulaw,258,4229,1,Milwaukee,academia,body,USA,North America
JaredAJacobson,3,0.016404015718236728,1,0.3333333333333333,0,223580173,Jared Jacobson,874,211,1,Philadelphia,law,male,USA,North America
mlebbon,1,0.005468005239412242,0,0,0,1250583043,Mark Lebbon,104,108,NA,Melbourne,law,male,AUS,Oceania
Cruyff_Inst_MX,1,0.005468005239412242,2,2,18,205818809,Johan Cruyff Institute MX,900,13809,2,Mexico City,academia,body,MEX,North America
dodo938,2,0.010936010478824485,1,0.5,0,32401025,David Owen,553,2707,1,London,news,male,GBR,Europe
SeanOToole87,1,0.005468005239412242,1,1,7,2345325998,Sean O'Toole,520,355,1,Birmingham,business,male,GBR,Europe
_JanExner,3,0.016404015718236728,4,1.3333333333333333,13,2714708131,Jan Exner,241,209,2,Prague,law,male,CZE,Europe
WinterSportsLaw,39,0.21325220433707745,76,1.9487179487179487,3.948717948717949,1143151020,Mit Winter,795,238,21,Kansas City,law,male,USA,North America
AdLawGuy,1,0.005468005239412242,0,0,0,20806150,Michael McSunas,2859,4482,NA,Detroit,law,male,USA,North America
julianmoore70,1,0.005468005239412242,6,6,12,2748151557,Julian Moore,1182,336,6,London,law,male,GBR,Europe
foremediagroup,1,0.005468005239412242,0,0,0,786542591651164200,ForeMedia Group,327,187,NA,London,news,body,GBR,Europe
kcsportsbizlaw,2,0.010936010478824485,0,0,1,113942568,Ethan Sanders,649,242,NA,Kansas City,law,male,USA,North America
JoseSelles,2,0.010936010478824485,0,0,1.5,129843359,Jos√© Sell√©s,572,582,NA,Madrid,news,male,ESP,Europe
legally_red_,4,0.02187202095764897,0,0,1.25,1169491939135082500,Legally Red,75,4,NA,New York,law,female,USA,North America
Bavitarai,2,0.010936010478824485,1,0.5,1,1005050988,Bavita Rai,33,39,1,Birmingham,law,female,GBR,Europe
graxgaillard,1,0.005468005239412242,0,0,1,325484627,Graciano Gaillard,484,333,NA,Manchester,law,male,GBR,Europe
lawcaddie,6,0.032808031436473456,4,0.6666666666666666,0.5,3250786014,Law Caddie,137,369,3,Delhi,law,body,IND,Asia
FootballLegal_,5,0.02734002619706121,25,5,17,809689728849236e3,Football Legal,191,1949,19,Marseille,news,body,FRA,Europe
BurnessPaullDR,5,0.02734002619706121,3,0.6,4.2,1098099548,Burness Paull DR,604,474,3,Glasgow,law,male,GBR,Europe
trixtalk,17,0.09295608907000812,6,0.35294117647058826,6.352941176470588,44582168,Antariksh,2133,1453,5,Bangalore,NA,male,IND,Asia
teammktgreport,5,0.02734002619706121,0,0,0.2,66394016,TeamMarketingReport,3280,4044,NA,Chicago,business,body,USA,North America
z8_LJ,3,0.016404015718236728,2,0.6666666666666666,1,135462370,J. P.,1519,578,1,Budapest,NA,male,HUN,Europe
CapsticksIns,1,0.005468005239412242,5,5,7,940901887506870300,Capsticks Insurance Law,611,189,5,London,law,body,GBR,Europe
AStreetBCLP,2,0.010936010478824485,4,2,14.5,1490418896,Andrew Street,164,237,3,London,law,male,GBR,Europe
ZalaZZA,3,0.016404015718236728,2,0.6666666666666666,5.333333333333333,257976510,Zala,752,1199,2,Budapest,news,female,HUN,Europe
SheridansSport,1,0.005468005239412242,1,1,10,1570265935,Sheridans Sport,957,2437,1,London,law,body,GBR,Europe
espoonborza,3,0.016404015718236728,0,0,4.666666666666667,417107887,Tuomo Salonen,1324,1180,NA,Helsinki,law,male,FIN,Europe
AdrestiaLegal,2,0.010936010478824485,0,0,1,1102841715923341300,Adrestia Legal,255,94,NA,Zurich,law,body,CHE,Europe
ioannabarbi,1,0.005468005239412242,0,0,0,731181949792964600,Ioanna Barbi,289,362,NA,Munich,law,female,DEU,Europe
LombardiAssocs,26,0.1421681362247183,89,3.423076923076923,11.076923076923077,1007582805482786800,Lombardi Associates,596,1324,43,Glasgow,law,body,GBR,Europe
timmahood,1,0.005468005239412242,0,0,0,35596190,Tim Mahood,52,17,NA,Auckland,law,male,NZL,Oceania
LVLollyPopKid,2,0.010936010478824485,1,0.5,5,18043353,Jessica,1583,643,NA,Kansas City,law,female,USA,North America
WALLACHLEGAL,10,0.05468005239412242,29,2.9,8.3,21631981,Daniel Wallach,3728,21544,24,Miami,law,male,USA,North America
JFreemanEsq,1,0.005468005239412242,0,0,2,1011618823747919900,Attorney Jordan J. Freeman,540,251,NA,Philadelphia,law,male,USA,North America
MarlGilb,5,0.02734002619706121,0,0,0.8,1178036162,MGR,1389,521,NA,Bruxelles,law,male,BEL,Europe
MatthiasVenero1,1,0.005468005239412242,0,0,0,NA,NA,NA,NA,NA,Milan,business,male,ITA,Europe
Sport_Makers,8,0.04374404191529794,5,0.625,1.625,299670190,Sport Makers,36,194,5,Cairo,law,body,EGY,Africa
JonGoofel,1,0.005468005239412242,3,3,3,2148481711,Jonathon Goodfellow,5163,4774,2,Melbourne,NA,male,AUS,Oceania
SportsLawMaster,14,0.07655207335177139,16,1.1428571428571428,4.642857142857143,49681656,Lisa P. Masteralexis,1058,3097,14,Boston,academia,female,USA,North America
CFSTulane,2,0.010936010478824485,0,0,1,990769776581578800,Center for Sport @ Tulane University,726,484,NA,Atlanta,academia,body,USA,North America
SportsPhilanNet,2,0.010936010478824485,1,0.5,0,279836754,Sports Philanthropy Network,3257,1068,1,Chicago,ngo,body,USA,North America
anna_burjan,1,0.005468005239412242,0,0,0,929283768078295e3,Burj√°n Anna,159,17,NA,Budapest,law,female,HUN,Europe
MeganGreulich,1,0.005468005239412242,3,3,2,749371427745361900,Megan Greulich,376,128,3,Columbus,law,female,USA,North America
45GRAYSINNSQ,1,0.005468005239412242,0,0,5,1265034764,4-5 Gray's Inn Square,429,646,NA,London,law,body,GBR,Europe
MannyEwiFresh,2,0.010936010478824485,0,0,0,NA,NA,NA,NA,NA,NA,NA,NA,NA,NA
StephDavid11,4,0.02187202095764897,4,1,2,1024340459039146e3,StephDavid,158,77,3,London,law,female,GBR,Europe
AMSportsLaw,2,0.010936010478824485,0,0,6,1042801305633337300,AM Sports Law & Management Co.,83,71,NA,Mumbai,law,body,IND,Asia
FOXSportsSWFL,3,0.016404015718236728,5,1.6666666666666667,0.3333333333333333,4923859401,FOX Sports Radio | SWFL,691,1150,1,Miami,news,body,USA,North America
ChaseDS_,3,0.016404015718236728,5,1.6666666666666667,0.6666666666666666,64779529,Chase Smith,1116,965,5,Washington,law,male,USA,North America
BurnessPaullLLP,4,0.02187202095764897,14,3.5,7.75,52086787,Burness Paull LLP,2003,5669,7,Glasgow,law,body,GBR,Europe
ChirayatoB18,2,0.010936010478824485,0,0,2,1366779608,Chirayato Banerjee,433,259,NA,Calcutta,law,male,IND,Asia
NelsonMullins,1,0.005468005239412242,0,0,1,50406985,Nelson Mullins,675,2501,NA,Charlotte,law,body,USA,North America
onsidelaw,7,0.038276036675885694,14,2,6.571428571428571,84364117,Onside Law,694,1018,4,London,law,body,GBR,Europe
LulaEDUcate,3,0.016404015718236728,0,0,1,758747329767714800,Jenny B.,4897,1243,NA,Chicago,business,female,USA,North America
SteveVondran,1,0.005468005239412242,0,0,0,901142556,Vondran Legal,11,344,NA,San Francisco,law,male,USA,North America
WinstonLaw,2,0.010936010478824485,0,0,0.5,67085133,Winston & Strawn LLP,1467,11938,NA,Chicago,law,body,USA,North America
SportEducation,1,0.005468005239412242,1,1,9,108437374,Jose Gigante,130,954,1,Birmingham,business,male,GBR,Europe
dsharkeyshark,2,0.010936010478824485,0,0,1.5,861381853,Danielle Sharkey,216,179,NA,London,law,female,GBR,Europe
MBBANYC,1,0.005468005239412242,1,1,0,167403678,MBBA of NYC,679,1186,1,New York,ngo,body,USA,North America
AngelaPratt2,1,0.005468005239412242,0,0,6,533555458,Angela Pratt,856,857,NA,Charlotte,academia,female,USA,North America
DanielHare,1,0.005468005239412242,0,0,1,21525164,Daniel Hare,1513,988,NA,Dallas,academia,male,USA,North America
CLH_CraigHarris,5,0.02734002619706121,7,1.4,15.2,607641897,Craig Harris,624,421,6,London,law,male,GBR,Europe
RonieTheFly,1,0.005468005239412242,0,0,1,989640378,Ronie Twumasi,1960,490,NA,London,NA,male,GBR,Europe
ClaireMcC17,1,0.005468005239412242,1,1,7,592616203,Claire McCracken (Derry),809,617,1,Glasgow,law,female,GBR,Europe
GECFrost,1,0.005468005239412242,1,1,4,1632710958,Georgie Frost ‚ùÑÔ∏è,1272,7547,NA,London,news,female,GBR,Europe
ChangemakerLead,1,0.005468005239412242,0,0,0,79878253,African Changemakers,1865,2549,NA,Lagos,ngo,body,NGA,Africa
ISLAsportlawyer,2,0.010936010478824485,0,0,1.5,838676079137148900,ISLAsportlawyers,134,95,NA,Zurich,ngo,body,CHE,Europe
WyattLawPA,1,0.005468005239412242,3,3,5,2862459237,"Wyatt Law, P.A.",778,801,3,Charlotte,law,body,USA,North America
SportsLawLiz,2,0.010936010478824485,4,2,11.5,102097187,Liz Ellen,1310,2860,2,London,law,female,GBR,Europe
willbdac,1,0.005468005239412242,0,0,2,1135255617017393200,Will Morris,175,59,NA,London,business,male,GBR,Europe
drjsimonrofe,1,0.005468005239412242,4,4,22,4077681208,Dr J Simon Rofe,724,1638,4,London,academia,male,GBR,Europe
IanPGunn,1,0.005468005239412242,0,0,0,83874554,Ian Gunn,365,1413,NA,Atlanta,law,male,USA,North America
RodrigoQuiros1,1,0.005468005239412242,0,0,2,106656910,Rodrigo Quiros,483,299,NA,La Paz,law,male,BOL,South America
ProInsured,1,0.005468005239412242,0,0,1,3081395313,Pro Insured,1582,385,NA,London,business,body,GBR,Europe
sportslawyer_gr,1,0.005468005239412242,4,4,4,907233695559508e3,Michael Sourlis,336,59,4,Athens,law,male,GRC,Europe
2TempleGardens,1,0.005468005239412242,2,2,8,2291223493,2 Temple Gardens,856,713,2,London,law,male,GBR,Europe
anandpatel1923,1,0.005468005239412242,1,1,3,726000150,Anand Patel,298,115,NA,London,law,male,GBR,Europe
sportsinjurylaw,1,0.005468005239412242,5,5,16,844252894069227500,Barrington Atkins,455,374,4,London,law,male,GBR,Europe
AeHAbogados,2,0.010936010478824485,0,0,0,608984929,AeH Abogados,4670,2399,NA,Madrid,law,body,ESP,Europe
pacoAeH,2,0.010936010478824485,0,0,0.5,951445333,Francisco Fern√°ndez,4150,3305,NA,Madrid,law,male,ESP,Europe
VoncelleVolte,1,0.005468005239412242,1,1,0,264589182,VVüåª x Voncelle Volt√©,951,511,1,New York,business,female,USA,North America
LeopoldusEsq,2,0.010936010478824485,2,1,2.5,869277488,Brandon Leopoldus,1791,1901,2,Los Angeles,law,male,USA,North America
edfitzg,3,0.016404015718236728,0,0,0,216312250,Ed FitzGerald,650,830,NA,London,business,male,GBR,Europe
MerylFishler,10,0.05468005239412242,1,0.1,0.8,62730156,Meryl Fishler,948,328,1,Portland,law,female,USA,North America
hoitakleung,1,0.005468005239412242,0,0,0,88121122,Hoi Tak Leung,288,129,NA,Hong Kong,law,male,HKG,NA
sporticizer,1,0.005468005239412242,0,0,0,768436755624263700,Sporticizer,683,44,NA,London,news,body,GBR,Europe
CarlDisley,1,0.005468005239412242,0,0,0,751292192,Carl Disley,2055,355,NA,Manchester,NA,male,GBR,Europe
isportlaw,4,0.02187202095764897,1,0.25,0,3094539358,isportlaw,118,261,1,Zurich,business,body,CHE,Europe
paddymurphy90,3,0.016404015718236728,1,0.3333333333333333,4,498222388,Paddy Murphy,502,282,1,Dublin,law,male,IRL,Europe
protennislaw,2,0.010936010478824485,0,0,0,2849956131,Scott Dennison,1783,279,NA,Tampa,law,male,USA,North America
DanGorelov,4,0.02187202095764897,5,1.25,2.75,318331856,Dan Gorelov ‚öñüìäüèà‚öΩÔ∏è,513,574,3,London,news,male,GBR,Europe
horn5tar,1,0.005468005239412242,0,0,4,NA,NA,NA,NA,NA,Manchester,law,male,GBR,Europe
PILI_MLS,1,0.005468005239412242,1,1,5,847648162584027100,Law Clinics at MLS,235,162,NA,Melbourne,academia,body,AUS,Oceania
LegalNaija,4,0.02187202095764897,1,0.25,3,74963991,The Nigerian Blawg,4876,8648,1,Lagos,news,body,NGA,Africa
RicksDesk,1,0.005468005239412242,0,0,0,277557494,Richard Anderson,1068,1079,NA,Toronto,law,male,CAN,North America
sharpatwork,1,0.005468005239412242,0,0,0,1055878452,Michael Sharp,2766,1338,NA,Edmonton,law,male,CAN,North America
alasdairmuller,2,0.010936010478824485,0,0,0.5,2807190711,Alasdair Muller,258,37,NA,London,law,male,GBR,Europe
ErdemErdemLaw,1,0.005468005239412242,0,0,0,712256915338883100,Erdem & Erdem Law Office,2820,860,NA,Istanbul,law,body,TUR,Asia
CaptivateLSS,3,0.016404015718236728,0,0,0.3333333333333333,3260462906,Captivate LSS,335,493,NA,London,business,body,GBR,Europe
Sportius_,1,0.005468005239412242,0,0,1,3030159718,Sportius Legal Adv.,326,358,NA,Quito,law,body,ECU,South America
AndrewBrandt,1,0.005468005239412242,0,0,41,19750789,Andrew Brandt,1103,193751,NA,Philadelphia,academia,male,USA,North America
SLawCentral,3,0.016404015718236728,2,0.6666666666666666,0.6666666666666666,1007559997990101e3,Sports Law Central,907,325,1,London,news,body,GBR,Europe
Wsh_Law,1,0.005468005239412242,0,0,1,337852268,Wsh_Law,984,819,NA,Miami,law,body,USA,North America
UoLSportsEntLaw,2,0.010936010478824485,1,0.5,2,4010587294,Leicester Sports and Entertainment Law Society,316,186,NA,Birmingham,academia,body,GBR,Europe
AmiinahRawa,1,0.005468005239412242,6,6,5,1099815489373696e3,Amiinah Rawa,364,58,4,Sao Paulo,law,female,BRA,South America
HakeemEsq,1,0.005468005239412242,4,4,4,330328009,Hakeem Onafowokan,1081,737,3,Minneapolis,law,male,USA,North America
kktim19,1,0.005468005239412242,0,0,1,752784777187586e3,Kajja Timothy kashami,1121,303,NA,Kampala,law,male,UGA,Africa
Jackson_Walker,1,0.005468005239412242,1,1,1,16872181,Jackson Walker LLP,241,1993,1,Dallas,law,body,USA,North America
J_McBrideBaxter,1,0.005468005239412242,0,0,1,529544144,Jill McBride Baxter,737,827,NA,Los Angeles,law,body,USA,North America
alexdumais9,3,0.016404015718236728,0,0,0.3333333333333333,48505415,Alex Dumais,590,192,NA,Toronto,law,male,CAN,North America
WomaninHavana,2,0.010936010478824485,6,3,10,351959386,Schona Jolly QC,2159,44580,5,London,law,female,GBR,Europe
UBSportsLaw,2,0.010936010478824485,2,1,3.5,996421216851374100,UB Law Sports Forum,160,163,2,New York,academia,body,USA,North America
marismediaca,1,0.005468005239412242,0,0,0,3328761145,Alan Howat,1411,372,NA,Edmonton,NA,male,CAN,North America
ireneaguiar_,1,0.005468005239412242,0,0,3,303085304,Irene Aguiar,827,3022,NA,Madrid,law,female,ESP,Europe
JoshCharaLaw,1,0.005468005239412242,0,0,4,769504432958603300,Josh Charalambous,451,164,NA,London,law,male,GBR,Europe
JamesHessESQ,1,0.005468005239412242,0,0,0,22737778,James Hess,623,299,NA,San Diego,law,male,USA,North America
SamSaundersLaw,1,0.005468005239412242,0,0,1,1037706103214227500,Sam Saunders,140,38,NA,London,law,male,GBR,Europe
MokuaManyara,1,0.005468005239412242,0,0,0,541940675,Mokua Manyara Esq.,2291,659,NA,Nairobi,law,male,KEN,Africa
JamesTobias1,9,0.049212047154710184,4,0.4444444444444444,1.7777777777777777,19243989,James Tobias,515,288,3,London,law,male,GBR,Europe
CCHALAW,3,0.016404015718236728,5,1.6666666666666667,4,543631169,CCHA,940,437,4,Indianapolis,law,body,USA,North America
jakeym24,2,0.010936010478824485,1,0.5,4,1690280822,Jake Marsh,1039,783,NA,London,business,male,GBR,Europe
RJPeltzSteele,1,0.005468005239412242,1,1,0,714824467,RJ Peltz-Steele,662,385,1,Boston,academia,male,USA,North America
BenVanRompuy,2,0.010936010478824485,13,6.5,11,732659089877139500,Ben Van Rompuy,203,1060,12,Amsterdam,academia,male,NLD,Europe
Mayo_SC,1,0.005468005239412242,0,0,1,278106135,Mayo Sports Clinic,2597,3117,NA,Dublin,business,body,IRL,Europe
EH_Lawyer,1,0.005468005239412242,2,2,2,198797469,adam pendlebury,1135,1060,1,Manchester,academia,male,GBR,Europe
fvfness,1,0.005468005239412242,0,0,0,1538590549,Federico Venturi F.,506,101,NA,Milan,law,male,ITA,Europe
AlexJSteinberg,1,0.005468005239412242,0,0,0,401892063,Alex J. Steinberg,1132,41,NA,Los Angeles,law,male,USA,North America
gadenslawyers,1,0.005468005239412242,0,0,0,239229680,Gadens,329,3960,NA,Sydney,law,body,AUS,Oceania
DWF_Australia,2,0.010936010478824485,2,1,3,977152970679881700,DWF Australia,76,114,2,Melbourne,law,body,AUS,Oceania
iChampionWomen,4,0.02187202095764897,8,2,7.25,2962800861,Champion Women,908,2150,8,Jacksonville,ngo,body,USA,North America
Hecatln3,1,0.005468005239412242,0,0,0,1176848776046227500,PueblosMagicosNG,0,0,NA,Mexico City,NA,NA,MEX,North America
sportingbrief1,11,0.06014805763353467,10,0.9090909090909091,4.818181818181818,1103403511142903800,Louis Weston,53,101,5,London,law,male,GBR,Europe
LawBlacks,2,0.010936010478824485,4,2,6,402810121,Blacks Solicitors,13982,13282,4,West Yorkshire,law,body,GBR,Europe
MaxxyB,9,0.049212047154710184,70,7.777777777777778,12.444444444444445,27833855,A. B. Agbakoba-Onyejianya #bevbezoz,2877,1976,57,Lagos,law,female,NGA,Africa
MTMSport,1,0.005468005239412242,1,1,1,1106130579089698800,MTMSport,313,41,1,London,business,body,GBR,Europe
MetaxasNavarro,1,0.005468005239412242,0,0,8,2316726538,Max Nicolaides,418,115,NA,London,law,male,GBR,Europe
7bartman,6,0.032808031436473456,1,0.16666666666666666,3.8333333333333335,44115683,Bartek Laburda,313,544,1,Warsaw,law,male,POL,Europe
Av_Emin_Ozkurt,2,0.010936010478824485,0,0,15.5,554650436,Emin √ñzkurt,152,1551,NA,Istanbul,law,male,TUR,Asia
ernestommeade,1,0.005468005239412242,1,1,8,78376179,Ernesto M. Meade,1264,1992,1,Mexico City,law,male,MEX,North America
alan_belaciano,1,0.005468005239412242,1,1,4,714687704085172200,Alan Belaciano,285,1212,1,Rio de Janeiro,law,male,BRA,South America
FerZafraC,1,0.005468005239412242,0,0,7,459921570,Fernando Zafra,523,377,NA,Madrid,law,male,ESP,Europe
Hannes_Snellman,1,0.005468005239412242,0,0,1,965722813,Hannes Snellman,19,441,NA,Helsinki,law,body,FIN,Europe
PaulWhite987,1,0.005468005239412242,3,3,2,NA,NA,NA,NA,1,West Yorkshire,business,male,GBR,Europe
nplwhite,1,0.005468005239412242,1,1,3,526622013,Nick White,184,73,1,London,law,male,GBR,Europe
Geoff_Pearson,9,0.049212047154710184,40,4.444444444444445,5.222222222222222,323465838,Geoff Pearson,990,4852,36,Manchester,academia,male,GBR,Europe
juliaespinar1,2,0.010936010478824485,0,0,2.5,4209168027,Julia Espinar,331,65,NA,Barcelona,law,female,ESP,Europe
MarjolaineViret,2,0.010936010478824485,8,4,10,1617200232,"Marjolaine Viret, PhD",688,887,6,Zurich,law,female,CHE,Europe
ferchamusca,1,0.005468005239412242,0,0,3,1106503305751072800,Fernanda Chamusca Paes,210,63,NA,Madrid,law,female,ESP,Europe
2Rarely,1,0.005468005239412242,0,0,0,870194246220783600,Rarely Wright,570,761,NA,Perth,NA,male,AUS,Oceania
20darious,3,0.016404015718236728,0,0,0.6666666666666666,5504322,Darious,1432,281,NA,Mexico City,business,male,MEX,North America
IndianaHQ,1,0.005468005239412242,0,0,5,103707765156608e4,IndianaHQ,1987,3103,NA,Indianapolis,business,body,USA,North America
sblawyerskc,5,0.02734002619706121,13,2.6,7.6,2319494539,Seigfreid Bingham,189,235,6,Kansas City,law,body,USA,North America
uoyhdistys,1,0.005468005239412242,1,1,2,917111986147725300,Urheiluoikeuden ry,36,295,1,Helsinki,ngo,body,FIN,Europe
mclaria,1,0.005468005239412242,5,5,15,155058812,Mariano Clari√°,419,3253,4,Buenos Aires,law,female,ARG,South America
ifeanyiodogwu,2,0.010936010478824485,6,3,25,179511960,Ifeanyi Odogwu,392,737,3,London,law,male,GBR,Europe
sports__consult,1,0.005468005239412242,1,1,5,83430094,Sports Consultancy,244,792,1,London,law,body,GBR,Europe
MooradSportsLaw,11,0.06014805763353467,8,0.7272727272727273,2.272727272727273,374284458,Moorad Sports Law,434,1062,5,Philadelphia,academia,body,USA,North America
RoyKessel,12,0.06561606287294691,7,0.5833333333333334,0.5,62029440,Roy Kessel,3431,1303,4,Chicago,business,male,USA,North America
idrottjuridisk,2,0.010936010478824485,2,1,1.5,1179338824238977e3,Svensk IdrottsJuridisk F√∂rening,117,25,1,Stockholm,ngo,body,SWE,Europe
essemme85,2,0.010936010478824485,0,0,1,266551883,sara messina,1380,1328,NA,Milan,law,female,ITA,Europe
vincentchev,6,0.032808031436473456,2,0.3333333333333333,2.6666666666666665,1049885534275932200,Vincent Chiaverini,139,60,1,San Diego,law,male,USA,North America
SarahLHartley,2,0.010936010478824485,2,1,2,206171544,Sarah Hartley,312,80,1,Denver,law,female,USA,North America
Dr_Crypto14,1,0.005468005239412242,0,0,0,1150858055174828e3,Dr Crypto ü¶Ü‚ö°Ô∏è,497,679,NA,Chicago,NA,NA,USA,North America
feldmanjamie,1,0.005468005239412242,0,0,2,702943285,Jamie Feldman,537,411,NA,London,law,male,GBR,Europe
AnPLVermeersch,1,0.005468005239412242,0,0,0,3345547222,An Vermeersch,66,185,NA,Bruxelles,academia,female,BEL,Europe
HeidiW27,1,0.005468005239412242,0,0,0,31158451,Heidiüçë,714,531,NA,Atlanta,business,female,USA,North America
NorthridgeLaw,1,0.005468005239412242,5,5,9,907990087765516300,Northridge,24,230,4,London,law,body,GBR,Europe
John_A_Snyder,1,0.005468005239412242,0,0,0,876587713,John Snyder,183,42,NA,New York,law,male,USA,North America
hanpikee,2,0.010936010478824485,0,0,2.5,764712975739551700,Hannah Pike,163,61,NA,London,law,female,GBR,Europe
DLSportsLaw,2,0.010936010478824485,3,1.5,33,248869600,Dan Lowen,926,972,2,London,law,male,GBR,Europe
Kate_Seear,1,0.005468005239412242,4,4,9,1461777931,A/Prof Kate Seear,3036,3400,3,Melbourne,academia,female,AUS,Oceania
MmAfoaku,2,0.010936010478824485,0,0,0,344260947,Mma Afoaku,875,201,NA,New York,law,female,USA,North America
TaiwoAtieno,1,0.005468005239412242,0,0,1,NA,NA,NA,NA,NA,Nairobi,business,male,KEN,Africa
hubert_kawalek,1,0.005468005239412242,0,0,0,256071869,Hubert Kawa≈Çek,120,15,NA,Warsaw,law,male,POL,Europe
Baruch_Zicklin,1,0.005468005239412242,0,0,4,21768196,Baruch Zicklin,759,4362,NA,New York,academia,body,USA,North America
MadeleineJord4n,1,0.005468005239412242,3,3,6,2853363586,Madeleine Jordan,142,114,3,Birmingham,law,female,GBR,Europe
maosportslaw,1,0.005468005239412242,0,0,3,1141423473006391300,Michael Olabisi Afolabi,941,126,NA,Nairobi,law,male,KEN,Africa
VIBELANDSports,1,0.005468005239412242,3,3,2,1072394208525385700,VIBELAND Sports Podcast,202,171,2,Dallas,news,body,USA,North America
iManster0423,1,0.005468005239412242,0,0,0,248532719,Iman Farimani,341,343,NA,Boston,law,male,USA,North America
seandots,4,0.02187202095764897,0,0,0.25,190704164,Sean Dotson,896,480,NA,Charlotte,law,male,USA,North America
RThomasGroves,1,0.005468005239412242,0,0,1,559760796,R Thomas Groves Jr,14,33,NA,Dallas,law,male,USA,North America
MULawAdmissions,4,0.02187202095764897,0,0,0.25,1186755541403488300,MU Law Admissions,0,1,NA,Milwaukee,academia,body,USA,North America
czluckie,1,0.005468005239412242,0,0,1,57114166,Caren Luckie,117,121,NA,Houston,law,female,USA,North America
LawyerFootball,1,0.005468005239412242,0,0,0,1148844570400235500,Sports Dispute Lawyer,97,22,NA,London,law,body,GBR,Europe
lucianopmotta,2,0.010936010478824485,0,0,1.5,2777185059,L·¥ú·¥Ñ…™·¥Ä…¥·¥è M·¥è·¥õ·¥õ·¥Ä üî∫üá™üá∫,183,202,NA,Barcelona,law,male,ESP,Europe
Rosmarijn_,1,0.005468005239412242,0,0,2,786913818333052900,Dr Rosmarijn van Kleef,176,222,NA,Zurich,law,female,CHE,Europe
aiga_genova,2,0.010936010478824485,1,0.5,1,708272477890322400,AigaGenova,74,55,1,Turin,ngo,body,ITA,Europe
alfiemeyerson,1,0.005468005239412242,0,0,0,377662501,Alfie Meyerson,521,69,NA,Houston,law,male,USA,North America
CLECompanion,1,0.005468005239412242,0,0,0,1064522499285749800,Kristin Daivdson,517,102,NA,Austin,NA,female,USA,North America
dickinsonwright,10,0.05468005239412242,6,0.6,1.3,249854422,Dickinson Wright,237,1441,2,Toronto,law,body,CAN,North America
2019FCE,1,0.005468005239412242,1,1,1,1164881250479411200,"FCE Congress, Sarajevo 2019",17,26,NA,Sofia,ngo,body,BGR,Europe
MyCareerInLaw,1,0.005468005239412242,0,0,0,1396224919,mycareerinlaw.com,1,42,NA,Hong Kong,business,body,HKG,NA
rustamsethna,3,0.016404015718236728,6,2,10.666666666666666,321754879,Rustam Sethna,1045,277,5,London,law,male,GBR,Europe
c_r_chase,1,0.005468005239412242,0,0,2,90701654,Christopher Chase,115,66,NA,New York,law,male,USA,North America
jeffgreenbaum,1,0.005468005239412242,0,0,0,22783543,Jeffrey Greenbaum,330,750,NA,New York,law,male,USA,North America
JonesDay,5,0.02734002619706121,0,0,1.2,27892177,Jones Day,385,21244,NA,Cleveland,law,body,USA,North America
OBACLE,3,0.016404015718236728,0,0,0.3333333333333333,26249920,Oklahoma Bar Association CLE,993,857,NA,Dallas,ngo,body,USA,North America
OliDroz,1,0.005468005239412242,1,1,2,579344939,Olivier Droz,506,215,1,Zurich,law,male,CHE,Europe
markoneill122no,3,0.016404015718236728,0,0,1.6666666666666667,210187418,Mark O'Neill,949,497,NA,London,law,male,GBR,Europe
IPScott_BFKNLaw,1,0.005468005239412242,1,1,1,726156246605156400,Scott Slavick,63,67,1,Chicago,law,male,USA,North America
Tiran_G,2,0.010936010478824485,7,3.5,13,1333871672,Tiran Gunawardena,1049,873,4,London,law,male,GBR,Europe
BadSambague,1,0.005468005239412242,1,1,5,1118690456,BS LAW - BS GROUP,301,1643,1,Paris,law,male,FRA,Europe
MadalinaDiacon8,5,0.02734002619706121,11,2.2,8.4,1036898552184823800,Madalina Diaconu,175,194,7,Zurich,law,female,CHE,Europe
Sheridans_VCLaw,1,0.005468005239412242,0,0,1,1177229731726577700,SheridansVentureCapital,1085,168,NA,London,law,body,GBR,Europe
MunroRichie,1,0.005468005239412242,0,0,4,893744972,Richard Munro,378,254,NA,West Yorkshire,law,male,GBR,Europe
UDaytonLaw,1,0.005468005239412242,1,1,1,544548451,Dayton School of Law,535,1493,1,Columbus,academia,body,USA,North America
ASG_esq,2,0.010936010478824485,6,3,5.5,1124718816557244400,Alexander S. Gebert,80,24,5,Dallas,law,male,USA,North America
LawScribes,2,0.010936010478824485,0,0,0,379871110,Legal Affairs Canada,1628,5977,NA,Toronto,law,body,CAN,North America
LewisSilkin,6,0.032808031436473456,3,0.5,1,188280097,Lewis Silkin,269,3365,3,London,law,body,GBR,Europe
KavanaghCk,1,0.005468005239412242,1,1,8,753969769,Catherine Kavanagh,4991,3022,1,London,NA,female,GBR,Europe
DrLukeMcDonagh,2,0.010936010478824485,3,1.5,1,445409224,Luke McDonagh,1001,1992,2,London,academia,male,GBR,Europe
rebosaguisag,1,0.005468005239412242,1,1,7,1056334928793632800,Rebo Saguisag,20,289,1,Manila,business,male,PHL,Asia
MarksmenTweets,1,0.005468005239412242,0,0,0,260854254,Marksmen,4186,3831,NA,Los Angeles,business,body,USA,North America
B1GErinOnCampus,1,0.005468005239412242,0,0,1,1178011893644038100,Erin,19,8,NA,Chicago,academia,female,USA,North America
MoganJulie,1,0.005468005239412242,0,0,1,716180801,Julie Mogan,1006,531,NA,Manchester,NA,female,GBR,Europe
KMMsports,3,0.016404015718236728,3,1,34.333333333333336,301819747,Kelli Masters Mgmt,1125,10824,3,Dallas,law,female,USA,North America
think2005,1,0.005468005239412242,26,26,59,925378700,Kajubi Brian,4541,1433,26,Kampala,law,male,UGA,Africa
SportsLawyerAus,2,0.010936010478824485,1,0.5,2,296052886,Sports Lawyer,714,832,1,Melbourne,law,body,AUS,Oceania
PeterLovins,1,0.005468005239412242,1,1,3,84379665,Peter Lovins üèíüè≥Ô∏è‚Äçüåà,552,1135,NA,Columbus,law,male,USA,North America
TacticConnect,4,0.02187202095764897,5,1.25,6.25,1579951128,Tactic Connect Ltd,663,715,3,London,business,body,GBR,Europe
CIArbKenya,3,0.016404015718236728,6,2,1,2415525750,CIArb Kenya,17,410,6,Nairobi,ngo,body,KEN,Africa
matrixchambers,1,0.005468005239412242,3,3,5,241123679,Matrix,580,11778,NA,London,law,body,GBR,Europe
moyadodd,2,0.010936010478824485,1,0.5,6,54189081,moya dodd,1439,8049,NA,Melbourne,business,female,AUS,Oceania
tapiorantala,3,0.016404015718236728,3,1,7,151435839,Tapio Rantala,475,249,1,Helsinki,law,male,FIN,Europe
AjanovicT,2,0.010936010478824485,0,0,3,2464482764,Tarik Ajanoviƒá,853,503,NA,Kuala Lumpur,law,male,MYS,Asia
CristalDMU,5,0.02734002619706121,7,1.4,2.4,1046636298113560600,CRISTAL Research DMU,59,168,2,Birmingham,academia,body,GBR,Europe
rjcurington_,1,0.005468005239412242,0,0,2,335751566,RJ Curington,614,1263,NA,Chicago,law,male,USA,North America
adrianedonova,1,0.005468005239412242,0,0,2,987178374366924800,donovaSPORT,778,150,NA,Washington,NA,female,USA,North America
FernandoMonfar,1,0.005468005239412242,1,1,3,99560800,Fernando  Monfardini,161,264,NA,Salvador,law,male,BRA,South America
mauroh06,3,0.016404015718236728,0,0,0.3333333333333333,381175903,Mauricio H,3807,1412,NA,Bogota,ngo,male,COL,South America
PeepsLawyer,1,0.005468005239412242,0,0,4,250883093,Bruce Hagen,762,409,NA,Atlanta,NA,male,USA,North America
RHJCenter,1,0.005468005239412242,1,1,1,161030329,Robert H. Jackson Center,418,659,NA,New York,ngo,body,USA,North America
JRSportsLaw,6,0.032808031436473456,1,0.16666666666666666,0.16666666666666666,1141113536661348400,Jack Richards,92,10,1,London,law,male,GBR,Europe
JonKennedyLegal,2,0.010936010478824485,0,0,0,176352630,Jon Kennedy,1281,347,NA,London,law,male,GBR,Europe
FurnivalLaw,2,0.010936010478824485,5,2.5,5.5,1281709548,Furnival Chambers,61,1328,4,London,law,body,GBR,Europe
Tom_Cleeve,1,0.005468005239412242,1,1,1,309809571,Tom Cleeve,152,308,1,London,law,male,GBR,Europe
QuanHernandez,3,0.016404015718236728,7,2.3333333333333335,47.333333333333336,54679179,Aaron Hernandez,307,967,7,Indianapolis,law,male,USA,North America
TrulieYurz,1,0.005468005239412242,0,0,0,35219155,T R U L I E  Y U R Z‚ú®,132,383,NA,Havana,law,female,CUB,North America
RonOCois,1,0.005468005239412242,0,0,0,1886143244,R√≥n√°n √ì Coisdealbha,4294,3624,NA,Dublin,news,male,IRL,Europe
IDHEAP,1,0.005468005239412242,2,2,2,62334647,IDHEAP,105,749,2,Zurich,business,body,CHE,Europe
sportelmonaco,1,0.005468005239412242,0,0,0,295736556,SPORTEL,811,4040,NA,Marseille,ngo,body,FRA,Europe
NJMohamed,1,0.005468005239412242,0,0,2,259781647,Nur Jasni Mohamed,945,813,NA,Kuala Lumpur,business,male,MYS,Asia
bdlfirm,1,0.005468005239412242,0,0,0,1025151534,Bryce Downey & Lenkov LLC,306,130,NA,Chicago,law,body,USA,North America
EvidentLEIGH,1,0.005468005239412242,0,0,0,415774258,"J. Leigh Hawley, J.D., LL.M",196,204,NA,Denver,law,female,USA,North America
Anthony_Kroese,3,0.016404015718236728,0,0,0,105254707,Anthony M. Kroese,757,623,NA,New York,law,male,USA,North America
sportslawbar,16,0.08748808383059588,26,1.625,3.375,1041111894982045700,Sports Law Bar Association of Ireland,63,285,10,Dublin,ngo,body,IRL,Europe
FilipeSouza14,2,0.010936010478824485,0,0,1,248424529,Filipe Souza,508,412,NA,Campinas,law,male,BRA,South America
pabloveciana,1,0.005468005239412242,2,2,2,1607062616,PVGB,352,76,2,Barcelona,law,male,ESP,Europe
bellverey,5,0.02734002619706121,13,2.6,25.8,149833687,Reyes BELLVER,1003,2252,13,Madrid,law,female,ESP,Europe
jonnymadill07,2,0.010936010478824485,1,0.5,6.5,135833707,Jonny Madill,2137,1373,1,London,law,male,GBR,Europe
DJCofGS,4,0.02187202095764897,0,0,1,1179982382037946400,David Coppola,65,21,NA,New York,law,male,USA,North America
njeremiduru,2,0.010936010478824485,1,0.5,5,232312729,N. Jeremi Duru,177,405,1,Washington,academia,male,USA,North America
TulaneLaw,2,0.010936010478824485,8,4,16.5,29524681,Tulane Law School,1195,10241,7,Atlanta,academia,body,USA,North America
gymnco,2,0.010936010478824485,0,0,0,1178253164580987e3,Gymnco,0,0,NA,Delhi,business,body,IND,Asia
RyanLake84,1,0.005468005239412242,0,0,1,553934306,Ryan Lake,3049,557,NA,Denver,law,male,USA,North America
ACCSELC,1,0.005468005239412242,2,2,3,2645820632,ACC Sprt/Ent Law Network,244,706,2,Washington,news,body,USA,North America
yannickramcke,1,0.005468005239412242,0,0,3,NA,NA,NA,NA,NA,Berlin,news,male,DEU,Europe
paulohalloranIR,1,0.005468005239412242,0,0,1,1624155649,Paul O'Halloran,4960,2207,NA,Melbourne,law,male,AUS,Oceania
agentmarkenson,3,0.016404015718236728,5,1.6666666666666667,2.3333333333333335,50562850,Markenson Pierre,233,116,2,Miami,law,male,USA,North America
hubertradke,4,0.02187202095764897,3,0.75,6.25,130276401,Hubert Radke,1328,2441,2,Warsaw,law,male,POL,Europe
Weightmans,2,0.010936010478824485,3,1.5,0.5,90454490,Weightmans,774,9417,2,Manchester,law,body,GBR,Europe
AFerencevych,1,0.005468005239412242,0,0,0,3090381993,Andrew Ferencevych,1152,152,NA,Washington,law,male,USA,North America
GamblingComp,1,0.005468005239412242,1,1,1,180071560,VIXIO GamblingCompliance,559,10560,1,London,business,body,GBR,Europe
ASUnified,4,0.02187202095764897,17,4.25,4.5,772209032996290600,AfricaSportsUnified,247,336,11,London,business,body,GBR,Europe
Alexinstow,1,0.005468005239412242,0,0,0,109834741,Alexandre Piper,1030,222,NA,London,business,male,GBR,Europe
jlindholm,2,0.010936010478824485,18,9,35,14420825,Johan Lindholm,663,235,18,Stockholm,academia,male,SWE,Europe
_SinghShivam,6,0.032808031436473456,4,0.6666666666666666,5.833333333333333,1886587764,Shivam Singh,254,515,3,Delhi,law,male,IND,Asia
HuwSayer,1,0.005468005239412242,1,1,2,118490583,Huw Sayer #Writer‚úíÔ∏è,3963,10227,1,London,business,male,GBR,Europe
AdvLaw,1,0.005468005239412242,0,0,1,82680033,Andy Lustigman,5401,4948,NA,New York,law,male,USA,North America
OlshanLaw,1,0.005468005239412242,0,0,1,336052829,OlshanLaw,31,310,NA,New York,law,body,USA,North America
RadiusBookGroup,3,0.016404015718236728,1,0.3333333333333333,0.3333333333333333,1045418374111596500,Radius Book Group,687,194,1,New York,business,body,USA,North America
The_Beterman,1,0.005468005239412242,0,0,0,294337047,Brett,502,232,NA,Atlanta,NA,male,USA,North America
SportsMaiden,2,0.010936010478824485,1,0.5,0.5,723137564022984700,SportsMaiden,1969,288,1,Perth,law,female,AUS,Oceania
KRD13,1,0.005468005239412242,1,1,2,90741480,Kevin,119,62,1,Toronto,law,male,CAN,North America
Life_of_Pudlow,2,0.010936010478824485,6,3,9.5,221596725,Mike the Lawyer,1307,250,5,Chicago,law,male,USA,North America
HowardKennedy,3,0.016404015718236728,3,1,0.6666666666666666,226228764,Howard Kennedy,931,2060,3,London,law,body,GBR,Europe
keeblesllp,1,0.005468005239412242,2,2,1,263570312,Keebles LLP,859,2051,2,West Yorkshire,law,body,GBR,Europe
CpgUC3M,1,0.005468005239412242,0,0,1,953550527597547500,Carmen P√©rez,157,318,NA,Madrid,academia,female,ESP,Europe
HKgrads,1,0.005468005239412242,0,0,0,7.6522352969660006e+17,HKgrads,42,84,NA,London,law,body,GBR,Europe
jrvkfootball,1,0.005468005239412242,0,0,1,2359259262,James Kitching,825,2529,NA,Sydney,business,male,AUS,Oceania
Royter100,1,0.005468005239412242,4,4,9,61114619,Iain Roy,1183,679,4,Melbourne,business,male,AUS,Oceania
CU_SPS_Sports,7,0.038276036675885694,7,1,3.857142857142857,1596984109,CUSportsBiz,1099,4067,7,New York,academia,body,USA,North America
MathieuLGoulet,1,0.005468005239412242,0,0,0,21591315,Mathieu L. Goulet,2493,576,NA,Montreal,law,male,CAN,North America
HKSport_,1,0.005468005239412242,0,0,0,782885705999614e3,Howard Kennedy Sport,242,150,NA,London,law,body,GBR,Europe
arsalan_esk,1,0.005468005239412242,0,0,1,1375216764,Amir Arsalan Eskandari,527,497,NA,Tehran,law,male,IRN,Asia
spoleg_group,10,0.05468005239412242,6,0.6,7.2,1131151637266018300,Spoleg | ÿ≠ŸÇŸàŸÇ Ÿàÿ±ÿ≤ÿ¥ ÿßÿ≥ŸæŸàŸÑ⁄Ø,264,165,4,Tehran,law,body,IRN,Asia
casarolaf,1,0.005468005239412242,0,0,0,281020671,Francesco Casarola ‚öΩ,500,310,NA,Rome,law,male,ITA,Europe
juanita_maiden,1,0.005468005239412242,2,2,8,709117066813448200,Juanita Maiden,662,263,2,Brisbane,law,female,AUS,Oceania
CliodhnaGuy,1,0.005468005239412242,8,8,15,44874335,Cliodhna,339,103,8,Dublin,NA,female,IRL,Europe
skelly8888,3,0.016404015718236728,0,0,7,2829610669,Sarah Kelly,1050,1886,NA,Brisbane,business,female,AUS,Oceania
bdubs_14,1,0.005468005239412242,0,0,9,300981852,Brandon Wurl,654,483,NA,Phoenix,law,male,USA,North America
PodiumVC,2,0.010936010478824485,0,0,1,1947950642,PodiumVCüèÖ,4897,2028,NA,San Francisco,business,body,USA,North America
akasendorf,1,0.005468005239412242,0,0,1,32486489,Alex Kasendorf,1889,791,NA,Los Angeles,law,male,USA,North America
davisfirmar,1,0.005468005239412242,0,0,0,1074411251348979700,davisfirm,26,16,NA,Memphis,law,body,USA,North America
HCRlawCom,1,0.005468005239412242,0,0,0,941248906683404300,HCR Law Commercial,115,69,NA,Birmingham,law,body,GBR,Europe
LemanSolicitors,1,0.005468005239412242,3,3,3,435085236,Leman Solicitors,581,1007,3,Dublin,law,body,IRL,Europe
crowemo10,1,0.005468005239412242,1,1,1,114327174,morgan crowe,85,45,NA,Dublin,law,male,IRL,Europe
SportsMax_Carib,1,0.005468005239412242,0,0,0,274609551,SportsMax,1812,6382,NA,Havana,news,body,CUB,North America
DavidCohenEsq,1,0.005468005239412242,1,1,2,75627815,David Cohen,1468,3293,NA,Los Angeles,law,male,USA,North America
JSEsq3,1,0.005468005239412242,1,1,1,70435106,Jonathan M. Stahler,189,552,NA,Miami,law,male,USA,North America
LukeFedlam,1,0.005468005239412242,0,0,2,2296903070,Luke Fedlam,1559,1334,NA,Columbus,law,male,USA,North America
IKE_DEVJI,2,0.010936010478824485,0,0,0,16227923,IKE DEVJI WEALTH LAWYER,3598,2810,NA,Phoenix,law,male,USA,North America
Xandinho_W,1,0.005468005239412242,0,0,1,1159172551635087400,Alexander Walters,467,18,NA,London,law,male,GBR,Europe
GardenLegal,1,0.005468005239412242,1,1,3,1141332289663701e3,Garden Legal,61,39,1,Abuja,law,body,NGA,Africa
SLC_AAUA,1,0.005468005239412242,0,0,1,1188265227806228500,"The Sports Law club,AAUA",121,50,NA,Abuja,ngo,body,NGA,Africa
PlayerAgentBlog,1,0.005468005239412242,0,0,1,851773129928081400,Players¬¥agent Blog,68,102,NA,Bruxelles,news,body,BEL,Europe
BlankRomeLLP,4,0.02187202095764897,0,0,0.5,38455614,Blank Rome LLP,457,3787,NA,Philadelphia,law,body,USA,North America
sportslawyers,1,0.005468005239412242,0,0,0,146357149,Sports Lawyers Assn.,123,8241,NA,Washington,ngo,body,USA,North America
jslpgnluassam,2,0.010936010478824485,10,5,5,91348592020002e4,JSLPG,1007,142,10,Calcutta,news,body,IND,Asia
AndrewPrimett,1,0.005468005239412242,0,0,1,279861187,Andrew Primett,308,323,NA,London,NA,male,GBR,Europe
HillDickinson,1,0.005468005239412242,1,1,4,90902938,Hill Dickinson LLP,617,8805,1,Manchester,law,body,GBR,Europe
jan_lukomski,1,0.005468005239412242,0,0,1,918465675659792400,Jan ≈Åukomski,141,43,NA,Warsaw,law,male,POL,Europe
InterlinkR,1,0.005468005239412242,0,0,0,387039527,InterlinkRecruitment,2710,1153,NA,Manchester,business,body,GBR,Europe
DropeAntonio7,3,0.016404015718236728,2,0.6666666666666666,0.3333333333333333,176410966,PedrO Antonio - Agent,1776,468,1,Caracas,law,male,VEN,South America
Holland_Knight,1,0.005468005239412242,0,0,2,50729595,Holland & Knight,404,4495,NA,Miami,law,body,USA,North America
psqbar,1,0.005468005239412242,0,0,4,2766383843,Park Square Barristers,972,2046,NA,West Yorkshire,law,body,GBR,Europe
RPCLaw,6,0.032808031436473456,7,1.1666666666666667,3.8333333333333335,64986327,RPCLaw,377,6738,5,London,law,body,GBR,Europe
hamekareh,1,0.005468005239412242,0,0,0,831171542050545700,ÿ¢ÿ±ÿßÿØÿß⁄©,188,14,NA,Tehran,business,body,IRN,Asia
And_Or_R,1,0.005468005239412242,0,0,0,320602295,Ruo Ando,1328,603,NA,Tokyo,NA,NA,JPN,Asia
wegot_game,2,0.010936010478824485,2,1,5,702364412393476100,Game Legal | Consulting,567,190,1,Sydney,business,body,AUS,Oceania
Justin_Sievert,2,0.010936010478824485,0,0,4.5,63724604,Justin Sievert,297,1405,NA,Miami,law,male,USA,North America
jamesfarad,1,0.005468005239412242,1,1,4,1451120150,James Farad,4012,2372,1,West Yorkshire,law,male,GBR,Europe
kingpatprash,1,0.005468005239412242,0,0,1,350920112,Prashant Pathare,796,367,NA,Mumbai,business,male,IND,Asia
laurasportslaw,2,0.010936010478824485,2,1,16,779037485921861600,Laura Sports Law,1443,7901,1,Glasgow,law,female,GBR,Europe
nickharrison,2,0.010936010478824485,3,1.5,4,18123177,nickharrison,2808,1462,3,Manchester,law,male,GBR,Europe
kempson_stuart,1,0.005468005239412242,0,0,3,969337992560091100,Stuart Kempson,532,43,NA,Sydney,business,male,AUS,Oceania
greeetlamejor,1,0.005468005239412242,6,6,8,36263143,Gretchen Marie,1162,955,6,New York,business,female,USA,North America
RMFifthCircuit,1,0.005468005239412242,3,3,27,469640856,Raffi Melkonian,2578,12200,3,Houston,law,male,USA,North America
FisherFisherLaw,1,0.005468005239412242,0,0,1,586408037,Fisher and Fisher,2948,3013,NA,Glasgow,law,body,GBR,Europe
39EssexChambers,4,0.02187202095764897,3,0.75,1,519328821,39 Essex Chambers,325,4218,3,London,law,body,GBR,Europe
regnadservices,2,0.010936010478824485,1,0.5,2,1054667037837017100,Regnad Professional Services,45,39,1,Dublin,business,body,IRL,Europe
Bruce_Wimbish,1,0.005468005239412242,0,0,12,202736993,Bruce Wimbish,2586,1786,NA,Columbus,business,male,USA,North America
BellverSports,1,0.005468005239412242,2,2,2,1185275804730777600,Bellver Sports,73,59,2,Madrid,law,body,ESP,Europe
DarrenHeitner,1,0.005468005239412242,6,6,26,1381911,Darren Heitner,67,39739,6,Miami,law,male,USA,North America
DWrightCanada,2,0.010936010478824485,0,0,0,996044304018804700,Dickinson Wright Canada,99,54,NA,Toronto,law,body,CAN,North America
LarsWesthoff,1,0.005468005239412242,1,1,5,223506847,Lars Westhoff,136,88,1,Amsterdam,law,male,NLD,Europe
Kansspeladvies,1,0.005468005239412242,1,1,2,3191022760,Dutch Gaming Lawyers,63,200,1,Amsterdam,law,body,NLD,Europe
eslawfirm,3,0.016404015718236728,2,0.6666666666666666,3,3177552948,Essa Al Sulaiti Law Firm,184,965,NA,Dubai,law,body,ARE,Asia
AMELIAsportLAW,2,0.010936010478824485,0,0,2,43394702,LexSportiva,3490,8467,NA,Montreal,law,female,CAN,North America
EvanTheAgent,1,0.005468005239412242,0,0,0,171239949,Evan Brennan,3043,3386,NA,Memphis,business,male,USA,North America
AttorneysSports,1,0.005468005239412242,1,1,1,1192851030360281e3,CollegeSportsAttorneys,249,40,1,Portland,law,body,USA,North America
sportschicesq,1,0.005468005239412242,0,0,0,828082947953659900,SportschicüèÄ‚öæÔ∏èüéæ,303,29,NA,Dallas,law,female,USA,North America
charlmchugh,1,0.005468005239412242,4,4,17,49576970,Charlotte Lewis,4352,1620,4,Manchester,law,female,GBR,Europe
JanePurdon,2,0.010936010478824485,2,1,15.5,1037286787612389400,Jane Purdon,1258,1749,2,West Yorkshire,business,female,GBR,Europe
twklex,1,0.005468005239412242,0,0,1,2924420781,Thomas Keane,2825,625,NA,London,law,male,GBR,Europe
WISLaw_,3,0.016404015718236728,20,6.666666666666667,12.666666666666666,793465666972115e3,Women In Sports Law,144,2121,16,Zurich,ngo,body,CHE,Europe
WarrenKZola,3,0.016404015718236728,16,5.333333333333333,24.333333333333332,365445055,Warren K. Zola,1024,7268,15,Boston,law,male,USA,North America
SportsZone_DB7,1,0.005468005239412242,0,0,9,NA,NA,NA,NA,NA,Manchester,NA,male,GBR,Europe
JayFragus,1,0.005468005239412242,0,0,0,336679111,Jay Fragus,743,476,NA,San Francisco,business,male,USA,North America
chrisnseka,2,0.010936010478824485,0,0,1.5,1099459212239929300,Christopher Nseka,149,28,NA,Zurich,academia,male,CHE,Europe
AlexKruger87,1,0.005468005239412242,1,1,12,627897498,Alexander Kr√ºger,448,186,1,Stockholm,law,male,SWE,Europe
EarthSymbol,1,0.005468005239412242,0,0,0,836039997153161200,Earth#Symbol ¬Æ,4743,2499,NA,Sydney,ngo,body,AUS,Oceania
BU2358,1,0.005468005239412242,0,0,1,18176062,Anthony Law-Wyllie,795,297,NA,Los Angeles,law,male,USA,North America
AndyBEsq,1,0.005468005239412242,0,0,0,126753482,Andrew Bondarowicz,829,397,NA,New York,law,male,USA,North America
jmacker93,1,0.005468005239412242,0,0,0,382266451,Jason Alexander,534,138,NA,Boston,NA,male,USA,North America
RichPagnotta,1,0.005468005239412242,0,0,2,1189706485506420700,Rich Pagnotta Jr,314,37,NA,New York,law,male,USA,North America
ezugolened,1,0.005468005239412242,1,1,4,2961986584,Chukwuezugo,864,183,1,Lagos,law,male,NGA,Africa
OWeingarten,1,0.005468005239412242,0,0,18,615096330,Oliver Weingarten,523,2611,NA,London,law,male,GBR,Europe
dosmano91,1,0.005468005239412242,0,0,0,216746685,Dino Osmanovic,167,56,NA,London,law,male,GBR,Europe
awoodsportslaw,2,0.010936010478824485,0,0,0,161204220,Andrew Wood,616,164,NA,Toronto,law,male,CAN,North America
T_Oldham_21,2,0.010936010478824485,0,0,0,1271388181,Taylor Oldham,689,110,NA,Memphis,law,male,USA,North America
DRE_3k_,1,0.005468005239412242,0,0,0,28283067,andre vazquez,487,318,NA,Miami,NA,male,USA,North America
maitre_bask,1,0.005468005239412242,0,0,2,1073917819987918800,Ma√Ætre Bask,138,49,NA,Zurich,law,male,CHE,Europe
JP_ComplianceJD,1,0.005468005239412242,0,0,6,715365774,Jeff Poulard,1127,878,NA,Cincinnati,business,male,USA,North America
StarrCards,1,0.005468005239412242,3,3,25,327203273,Starr‚òÖCards,121,26530,3,San Francisco,business,body,USA,North America
SportsLawStern,3,0.016404015718236728,1,0.3333333333333333,10.666666666666666,379531217,Cari (Stern) Grieb,418,2982,1,Chicago,law,female,USA,North America
tjendebrock,1,0.005468005239412242,0,0,3,2773799791,Tyler (T.J.) Endebrock,781,1076,NA,Kansas City,business,male,USA,North America
golf_merlin,1,0.005468005239412242,0,0,0,1053718988633620500,Merlin Golf,2593,423,NA,Glasgow,business,body,GBR,Europe
doromuchie,1,0.005468005239412242,12,12,30,857494373902286800,Amauche üëë,1573,578,NA,Lagos,law,male,NGA,Africa
mamasalz1,1,0.005468005239412242,0,0,1,293974762,Idunnu salu,572,253,NA,Lagos,business,female,NGA,Africa
JFielkow,2,0.010936010478824485,9,4.5,5,2332443577,Justin Fielkow,1414,970,8,New York,law,male,USA,North America
TedCurtisStuff,1,0.005468005239412242,0,0,1,441333465,Ted Curtis,465,1265,NA,Miami,academia,male,USA,North America
MULawAdmission,1,0.005468005239412242,0,0,0,372882294,MU Law Admission,254,383,NA,Milwaukee,academia,body,USA,North America
JonathanPDyson,2,0.010936010478824485,0,0,2,332806458,Jonathan Dyson,880,401,NA,London,news,male,GBR,Europe
Sportslawuk,1,0.005468005239412242,0,0,5,1352214450,Nathan Jones,731,524,NA,London,law,male,GBR,Europe
ILuvHorseRacing,1,0.005468005239412242,0,0,0,970246375,Pamela Lynne (Always Dreaming) Kemp,3025,1072,NA,Charlotte,NA,female,USA,North America
BEAUTYBRAINS25,2,0.010936010478824485,0,0,0,491696852,Mina the Autodidact,765,380,NA,Philadelphia,NA,female,USA,North America
Stewarts_Travel,1,0.005468005239412242,5,5,0,732691981,Stewarts Int. Injury,3941,5984,5,London,law,body,GBR,Europe
WorldPlayersUtd,1,0.005468005239412242,7,7,16,730105415011323900,World Players United,95,1433,7,Zurich,ngo,body,CHE,Europe
BrendanSchwab,1,0.005468005239412242,4,4,13,143397729,Brendan Schwab,1525,28102,4,Zurich,ngo,male,CHE,Europe
susanmahern,1,0.005468005239412242,2,2,4,3884379503,Susan Ahern,535,521,2,Dublin,law,female,IRL,Europe
lexlanham,1,0.005468005239412242,2,2,5,22581994,alexandra j. roberts,3778,7197,1,Boston,academia,female,USA,North America
Aluko_Oyebode,1,0.005468005239412242,4,4,13,3058673411,Aluko & Oyebode,176,3818,3,Lagos,law,body,NGA,Africa
LawJADL,1,0.005468005239412242,0,0,0,1172524739400753200,Jamie,78,5,NA,Manchester,law,male,GBR,Europe
PhilEdmondson1,1,0.005468005239412242,0,0,1,800707080,Philip Edmondson,464,154,NA,West Yorkshire,law,male,GBR,Europe
EliNachmany,1,0.005468005239412242,0,0,0,150518936,Eli Nachmany,328,1451,NA,London,law,male,GBR,Europe
EvansandCo1,1,0.005468005239412242,0,0,0,295719348,Evans and Co,594,425,NA,West Yorkshire,law,body,GBR,Europe
edordick,1,0.005468005239412242,0,0,1,765227492168699900,Elliot Meyer,334,40,NA,Atlanta,law,male,USA,North America
LucySsuubi,9,0.049212047154710184,44,4.888888888888889,11.444444444444445,72236402691584e4,Lucille,1263,1233,24,Kampala,law,female,UGA,Africa
KWilson805,2,0.010936010478824485,0,0,0.5,26180727,Kevin Wilson,3517,912,NA,Washington,business,male,USA,North America
RichardKanter,1,0.005468005239412242,0,0,1,26656846,Richard Kanter,1197,1142,NA,Washington,law,male,USA,North America
MarcinRDZ,3,0.016404015718236728,1,0.3333333333333333,3.3333333333333335,723592060889129e3,Marcin Radziwonka,295,65,1,Zurich,law,male,CHE,Europe
PartnersStars,1,0.005468005239412242,0,0,0,117276168102758e4,STARS & PARTNERS Íú± Ä ü,58,4,NA,Milan,business,body,ITA,Europe
DLA_Piper,1,0.005468005239412242,5,5,7,25360410,DLA Piper,1584,39485,5,London,business,body,GBR,Europe
jadominguezn,1,0.005468005239412242,0,0,0,2347316095,Jos√© Tato Dom√≠nguez,83,261,NA,Madrid,law,male,ESP,Europe
dennishamill77,1,0.005468005239412242,1,1,3,490746287,Dennis Hamill,1028,761,1,Glasgow,law,male,GBR,Europe
PiaKEk,2,0.010936010478824485,5,2.5,59.5,1926786134,Pia Ek,267,455,5,Helsinki,law,female,FIN,Europe
mavatru,1,0.005468005239412242,0,0,1,361830878,Mario Valencia,219,45,NA,Barcelona,law,male,ESP,Europe
TripleOKlawLLP,5,0.02734002619706121,11,2.2,15,317068574,TripleOKLaw LLP,138,1126,8,Nairobi,law,body,KEN,Africa
patersonlaw,1,0.005468005239412242,1,1,11,227896311,James Paterson,990,554,1,Melbourne,law,male,AUS,Oceania
TheRealKanyonge,1,0.005468005239412242,4,4,7,43127058,Bemih K,765,828,3,Nairobi,law,male,KEN,Africa
OkiroMakena,1,0.005468005239412242,2,2,3,294807699,Mercy Okiro,4105,4066,2,Nairobi,law,female,KEN,Africa
MandRTrainees,1,0.005468005239412242,0,0,8,923473369047162900,Mills & Reeve Grads,286,541,NA,NA,law,body,NA,NA
guisportslaw,4,0.02187202095764897,0,0,0.25,259791263,Guilherme Vieira da Silva,207,70,NA,Sao Paulo,law,male,BRA,South America
RTFachada,1,0.005468005239412242,2,2,27,1853066497,Rafael T. Fachada,190,785,2,Rio de Janeiro,business,male,BRA,South America
SPB_Global,1,0.005468005239412242,0,0,0,18890707,Squire Patton Boggs,3186,11386,NA,Cleveland,law,body,USA,North America
DLA_PiperIsrael,1,0.005468005239412242,0,0,0,3432797303,DLA Piper Israel Grp,134,134,NA,Tel Aviv-Jaffa,business,body,ISR,Asia
LiamElphick_,1,0.005468005239412242,0,0,0,732117065427902500,Liam Elphick,1410,1056,NA,Melbourne,academia,male,AUS,Oceania
ZBVAbogados,2,0.010936010478824485,3,1.5,4.5,574659902,ZBV Abogados,381,907,3,Buenos Aires,law,body,ARG,South America
TapiwaCharity,1,0.005468005239412242,0,0,0,483034607,MUVA LewinskyEscobar,279,597,NA,London,law,female,GBR,Europe
iseultcody,1,0.005468005239412242,3,3,17,44959489,Iseult Cody,2978,2614,3,Dublin,law,female,IRL,Europe
froriep_law,1,0.005468005239412242,0,0,0,4482794242,FRORIEP Lawyers,407,435,NA,Zurich,law,body,CHE,Europe
DensenLaw,1,0.005468005239412242,0,0,2,1.2042478947121439e+18,Densen Law,1,7,NA,Los Angeles,law,body,USA,North America
KarleneJoseph,1,0.005468005239412242,0,0,1,415893681,Karlene Joseph,68,106,NA,Boston,business,female,USA,North America
weroarnau,2,0.010936010478824485,2,1,1,42442744,Pedro Arnau,838,3407,2,Madrid,news,male,ESP,Europe
CAllenBlacks,1,0.005468005239412242,4,4,18,102354650,Chris Allen,7907,8140,4,West Yorkshire,law,male,GBR,Europe
BallnLaw,1,0.005468005239412242,0,0,0,35087059,Esq. üóΩ| üá¨üá©| üáªüá™,789,150,NA,New York,law,NA,USA,North America
tobisemowo,2,0.010936010478824485,0,0,0.5,2731775968,Tobi Adesemowo,1071,597,NA,Lagos,law,male,NGA,Africa
SportsworkG,1,0.005468005239412242,6,6,12,1101388557116010500,SportsWork Group,474,147,6,Kuala Lumpur,business,body,MYS,Asia
BASL_Sport_Law,2,0.010936010478824485,1,0.5,5.5,730801969397432300,BASL,75,332,1,London,ngo,body,GBR,Europe
evenolan,1,0.005468005239412242,2,2,9,453098202,Yvonne Nolan,662,273,2,Dublin,law,female,IRL,Europe
FullContactIre,1,0.005468005239412242,2,2,3,545448751,Full Contact,935,699,2,Dublin,business,body,IRL,Europe
AdamRedmond,1,0.005468005239412242,1,1,4,140041713,Adam Redmond,1135,1522,1,Dublin,news,male,IRL,Europe
piotr_miekus,1,0.005468005239412242,0,0,17,518830739,Piotr Miekus,1285,1875,NA,Warsaw,law,male,POL,Europe
Ramon_HX,1,0.005468005239412242,0,0,0,1565763552,Ramon H.,101,6,NA,Zurich,law,male,CHE,Europe
Sportsolicitor,1,0.005468005239412242,0,0,2,458670653,David Keenan,776,204,NA,Manchester,law,male,GBR,Europe
motorsportprosp,1,0.005468005239412242,0,0,0,840571132776480800,Motorsport Prospects,1563,343,NA,Montreal,business,body,CAN,North America
LexGTDTalerts,1,0.005468005239412242,1,1,1,763749314128666600,Lexology GTDT,1806,532,1,London,law,body,GBR,Europe
montieljorge,1,0.005468005239412242,0,0,1,193573851,Jorge Montiel,882,333,NA,Madrid,law,male,ESP,Europe
SarahKempsey,1,0.005468005239412242,0,0,7,29250277,Sarah Bentzel Kempsey,1360,1151,NA,Philadelphia,business,female,USA,North America
ChrisLepetit,1,0.005468005239412242,0,0,3,334046331,Christophe Lepetit,2025,5030,NA,Lyon,academia,male,FRA,Europe
thedrivephaseja,3,0.016404015718236728,10,3.3333333333333335,4.666666666666667,1113862816161779700,The Drive Phase Podcast,71,143,6,Havana,news,body,CUB,North America
davidrkirk_,1,0.005468005239412242,1,1,8,375600414,David Kirk,2594,2007,1,London,business,male,GBR,Europe
CanoeingIreland,1,0.005468005239412242,2,2,6,594642114,Canoeing Ireland,360,1186,2,Dublin,ngo,body,IRL,Europe
LarryFenelon,1,0.005468005239412242,1,1,8,314227830,Larry Fenelon,479,563,1,Dublin,law,male,IRL,Europe
bicharaneto,1,0.005468005239412242,1,1,15,120257138,bichara abidao neto,684,2663,1,Rio de Janeiro,law,body,BRA,South America
PhCavalieros,2,0.010936010478824485,0,0,4,927557108,Cavalieros Philippe,822,746,NA,Paris,law,male,FRA,Europe
Lawctopus,1,0.005468005239412242,1,1,0,198265624,Lawctopus,802,17174,1,Calcutta,news,body,IND,Asia
bradenmperry,2,0.010936010478824485,0,0,0.5,318483528,Braden Perry,686,333,NA,Kansas City,law,male,USA,North America
BeswicksLegal,2,0.010936010478824485,10,5,7.5,388899127,Beswicks,739,1544,7,Manchester,law,body,GBR,Europe
SportsIndiaShow,1,0.005468005239412242,1,1,2,1004164012177743900,SportsIndiaShow,1651,1555,1,Mumbai,news,body,IND,Asia
tichaelmait,1,0.005468005239412242,1,1,14,1052323210677502e3,Michael Tait,332,22,1,Toronto,law,male,CAN,North America
sportstrib,1,0.005468005239412242,0,0,0,20415010,sportstrib,356,1637,NA,San Francisco,news,body,USA,North America
othmanthree,1,0.005468005239412242,0,0,1,2261414749,Yahaya Othman,340,166,NA,Abuja,law,male,NGA,Africa
atharvalegal,13,0.07108406811235915,2,0.15384615384615385,0.46153846153846156,1203600863492624400,Atharva Legal LLP,178,15,1,Delhi,law,body,IND,Asia
andreajover,1,0.005468005239412242,0,0,3,43191576,Andrea,256,117,NA,Barcelona,law,female,ESP,Europe
mike_scott09,1,0.005468005239412242,0,0,1,85662895478195e4,Mike Scott,1406,65,NA,New York,NA,male,USA,North America
repmanmatters,2,0.010936010478824485,2,1,2.5,701736924369834e3,Julian Pike,267,166,1,London,law,male,GBR,Europe
adejax7,1,0.005468005239412242,1,1,2,911673181856989200,Jackie Adedokun,271,95,1,Detroit,law,female,USA,North America
gsampsonsports,1,0.005468005239412242,0,0,0,867057605558116400,Greg Sampson,928,396,NA,Montreal,law,male,CAN,North America
NinaTomazin,2,0.010936010478824485,2,1,2,28584640,Nina Toma≈æin Bolcar,451,3088,2,Budapest,law,female,HUN,Europe
RichtFirm,1,0.005468005239412242,0,0,0,1040064155049488400,RICHT,757,59,NA,New York,law,body,USA,North America
Sancadavid93,1,0.005468005239412242,5,5,8,213788146,Santiago Cadavid A.,484,4552,5,Medellin,law,male,COL,South America
sportli26181512,1,0.005468005239412242,0,0,0,1178779289438888e3,sportlive,150,108,NA,Milan,news,body,ITA,Europe
WalkerMorrisUK,1,0.005468005239412242,2,2,1,308971493,Walker Morris LLP,3562,3414,2,West Yorkshire,law,body,GBR,Europe
notany1famous,1,0.005468005239412242,0,0,1,330551710,Charlie Fursdon,46,34,NA,London,law,male,GBR,Europe
esmeraldo99,1,0.005468005239412242,5,5,18,44225015,ANWIRI,3274,1062,5,Lagos,law,female,NGA,Africa
brantjames,3,0.016404015718236728,0,0,0.3333333333333333,27513068,brant james,1259,10103,NA,Miami,news,male,USA,North America
MtAbrahamEagles,1,0.005468005239412242,0,0,0,760141899579715600,Devin Wendel,67,152,NA,Boston,business,male,USA,North America
rkcnicholson,2,0.010936010478824485,0,0,0,839447478982361100,Rebecca Nicholson,190,89,NA,Glasgow,law,female,GBR,Europe
PaulJHayes,1,0.005468005239412242,0,0,0,25458603,Paul J Hayes QC,176,130,NA,Melbourne,law,male,AUS,Oceania
MMAPayout,2,0.010936010478824485,1,0.5,0.5,19446336,MMA Payout,151,5547,1,Las Vegas,business,body,USA,North America
arturogalvan7,1,0.005468005239412242,1,1,2,58217777,Arturo,516,202,1,Zurich,law,male,CHE,Europe
MilesBenjamin_,1,0.005468005239412242,0,0,2,2218075487,Miles Benjamin,457,3337,NA,Birmingham,NA,male,GBR,Europe
sportsinlawblog,1,0.005468005239412242,1,1,2,1189919314280951800,Sports in Law,3,51,1,Istanbul,law,body,TUR,Asia
feru245,1,0.005468005239412242,0,0,0,188864191,Fernando Ulloa,332,172,NA,Miami,law,male,USA,North America
DanMarcustweets,1,0.005468005239412242,1,1,4,1479996344,Daniel Marcus,343,119,1,New York,NA,male,USA,North America
advocatekhoj,1,0.005468005239412242,2,2,4,17282721,AdvocateKhoj,1,4960,2,Visakhapatnam,law,body,IND,Asia
alemanmarco23,2,0.010936010478824485,0,0,1,990719276331012100,Marco Alem√°n,525,87,NA,Mexico City,law,male,MEX,North America
richardfosterCA,2,0.010936010478824485,0,0,0,1115697246580826100,Richard Foster,108,12,NA,Los Angeles,law,male,USA,North America
M_Seyfollahi,1,0.005468005239412242,10,10,41,4369986987,Maryam Seyfollahi,205,297,9,Tehran,law,female,IRN,Asia
10unYeri,1,0.005468005239412242,1,1,19,44588945,Emir G√ºney,666,1227,1,Istanbul,law,male,TUR,Asia
criminology4u,1,0.005468005239412242,0,0,0,14698803,nic groombridge,8018,8957,NA,Birmingham,academia,male,GBR,Europe
sportslawyerAT,1,0.005468005239412242,1,1,0,1812120030,Dominik Kocholl,469,361,1,Vienna,law,male,AUT,Europe
athletelawyerLB,1,0.005468005239412242,2,2,9,964629440,Lindsay Brandon,914,290,2,Los Angeles,law,female,USA,North America
RickyVolante13,2,0.010936010478824485,4,2,12.5,28572259,Ricky Volante,881,1318,4,Cleveland,law,male,USA,North America
McCannSportsLaw,1,0.005468005239412242,5,5,16,121118692,Michael McCann,584,69583,5,Boston,academia,male,USA,North America
HotNewsNaija,1,0.005468005239412242,0,0,0,1159483928,Latest News Plus,2171,3527,NA,Ibadan,news,body,NGA,Africa
sbhtndvcgl,2,0.010936010478824485,1,0.5,3.5,983270113,Prof.Dr.Sebahattin Devecioƒülu,5000,3148,1,Gaziantep,academia,male,TUR,Asia
yakubkk,1,0.005468005239412242,2,2,19,747469326,Av. Yakub Kƒ±zƒ±lkaya,148,92,2,Istanbul,law,male,TUR,Asia
suresh_rf,1,0.005468005239412242,16,16,142,186496261,–Ø∆éGO–Ø,150,271,15,Calcutta,NA,male,IND,Asia
Daniel_m_louis,2,0.010936010478824485,1,0.5,6,1129868394,Daniel M.LOUIS,184,75,NA,Dubai,law,male,ARE,Asia
GoldbergSegalla,1,0.005468005239412242,1,1,0,250216906,Goldberg Segalla LLP,1987,2104,1,New York,law,body,USA,North America
HLPI_UHLC,1,0.005468005239412242,1,1,2,3312824046,Health Law & Policy,1079,805,1,Houston,academia,body,USA,North America
JodiBalsam,1,0.005468005239412242,0,0,3,2586227899,Jodi Balsam,129,578,NA,New York,academia,female,USA,North America
ForwardLine_Pod,1,0.005468005239412242,0,0,3,1177388147564404700,The Forward Line Podcast,287,101,NA,Melbourne,news,body,AUS,Oceania
EnA_blog,4,0.02187202095764897,5,1.25,3,841691993461936100,ImHabiba&ImWithKap,4410,1390,5,Toronto,NA,female,CAN,North America
SportsTechieNET,1,0.005468005239412242,0,0,0,116839904,Bob Roble,9696,10265,NA,Atlanta,business,male,USA,North America
Robpm4,1,0.005468005239412242,1,1,0,942592728067539e3,Robpm,555,321,1,New York,NA,male,USA,North America
bostonvcsports,1,0.005468005239412242,0,0,0,997230551261155300,@BostonVCSports,778,632,NA,Boston,business,body,USA,North America
SVPSOint,1,0.005468005239412242,0,0,1,819375719415513100,SVPSO Org,964,197,NA,Hyderabad,ngo,body,IND,Asia
CaffreyEj,1,0.005468005239412242,0,0,1,445996563,üêùaWorkInProgressIvismEdJoe üëÅC N4ZI5M ‚ûïTRE45ON 2(,11531,11394,NA,Washington,NA,male,USA,North America
LMcCoyJD,1,0.005468005239412242,0,0,10,32803516,Lauren McCoy,1316,444,NA,Charlotte,law,female,USA,North America
hb_league,1,0.005468005239412242,5,5,14,1199398633956884500,The HBL,0,1,5,NA,NA,NA,NA,NA
chrissisanders8,1,0.005468005239412242,2,2,7,478322225,Chrissi Sanders,1853,1069,2,Cleveland,business,female,USA,North America
taxgirl,1,0.005468005239412242,0,0,1,14079852,Kelly Phillips Erb,7382,41598,NA,Philadelphia,law,female,USA,North America
AvocatSportLaw,1,0.005468005239412242,2,2,22,868180184,J-B.Gini√®s,1246,1241,2,Marseille,law,male,FRA,Europe
omarovich23,1,0.005468005239412242,0,0,0,2903927860,ŸÉŸàÿ™ÿ¥ ÿπŸÖÿ±,1157,255,NA,Paris,business,male,FRA,Europe
debbie_nic,1,0.005468005239412242,2,2,4,288450527,Debbie Nicholson,325,136,2,Manchester,law,female,GBR,Europe
DePaulAnimaLaw,1,0.005468005239412242,1,1,1,1179156213860163600,DePaul Center for Animal Law,21,4,1,Chicago,academia,body,USA,North America
AlexLawLondon,2,0.010936010478824485,1,0.5,1,829295767,Alex Chrysanthou,1118,1341,1,London,academia,male,GBR,Europe
StuMilch,1,0.005468005239412242,0,0,0,263147619,Stu Milch,261,117,NA,Dallas,law,male,USA,North America
Jonathan_IRL,1,0.005468005239412242,0,0,0,48449172,Jonathan Phillips,1169,365,NA,Zurich,business,male,CHE,Europe
DustinOsborne,1,0.005468005239412242,0,0,0,48581461,Dustin Osborne,1258,328,NA,New York,law,male,USA,North America
PittLaw,1,0.005468005239412242,0,0,1,213485891,Pitt Law,1240,3297,NA,Pittsburgh,academia,body,USA,North America
HFsportslaw,1,0.005468005239412242,0,0,1,3111280493,Herrick Sports Law,345,155,NA,New York,law,body,USA,North America
kareer,2,0.010936010478824485,0,0,0,13816672,Sanjay Kareer | ‡§∏‡§Ç‡§ú‡§Ø ‡§ï‡§∞‡•Ä‡§∞ | ‡®∏‡©∞‡®ú‡©á ‡®ï‡®∞‡©Ä‡®∞,897,308,NA,Bangalore,news,male,IND,Asia
konipenny,1,0.005468005239412242,0,0,0,199597538,Penny Konitsioti,138,281,NA,Athens,law,female,GRC,Europe
DigSportsDesk,1,0.005468005239412242,0,0,0,207669239,DigitalSportsDesk,5256,12832,NA,Boston,news,body,USA,North America
MrMarketingPhD,1,0.005468005239412242,0,0,0,2290868096,Jim Blair,10393,10581,NA,Cincinnati,business,male,USA,North America
masanagashi,1,0.005468005239412242,0,0,1,160139253,Masakatsu Nagashima,103,63,NA,Tokyo,law,male,JPN,Asia
SBFellows,1,0.005468005239412242,0,0,12,90283678,Sam Fellows,513,309,NA,Auckland,law,male,NZL,Oceania
VCGSports,1,0.005468005239412242,1,1,2,790379314114068500,VCG SPORTS,1014,555,NA,Miami,business,body,USA,North America
MillerNashLLP,1,0.005468005239412242,1,1,7,274153215,Miller Nash Graham & Dunn,203,1028,NA,Seattle,law,body,USA,North America
JohnRotjes,3,0.016404015718236728,1,0.3333333333333333,2,140253572,John E. Rotjes,927,382,1,Caracas,law,male,VEN,South America
MMFrabboni,1,0.005468005239412242,0,0,1,1430818879,Maria M Frabboni,85,99,NA,London,academia,female,GBR,Europe
HowardShatsky,1,0.005468005239412242,0,0,0,29809119,Howard Shatsky,3157,5227,NA,Washington,business,male,USA,North America
mdyrl,1,0.005468005239412242,2,2,3,275189541,Mauricio R√≠os Lagos,272,98,2,Santiago,academia,male,CHL,South America
atfield_sport,1,0.005468005239412242,10,10,20,1565740164,ALT|Tib_Sportslaw,14,380,10,Bruxelles,law,body,BEL,Europe
4NewSquare,1,0.005468005239412242,0,0,0,423444565,4 New Square,501,4033,NA,London,law,body,GBR,Europe
gurkanozocak,1,0.005468005239412242,0,0,19,471941762,G√ºrkan √ñzocak,577,579,NA,Istanbul,law,male,TUR,Asia
EBNAdvertising,1,0.005468005239412242,0,0,0,3074675437,Elygantthings,13443,13416,NA,London,business,body,GBR,Europe
crashdog00,1,0.005468005239412242,2,2,20,16613239,Janet P. Judge,1313,1375,2,Boston,law,female,USA,North America
Quinter_Odongo,1,0.005468005239412242,1,1,17,3019617879,Ms Quinter Odongo,1895,1371,1,Nairobi,business,female,KEN,Africa
JMW_Corporate,1,0.005468005239412242,3,3,51,1487130888,Sara Bluston,368,331,3,Manchester,law,female,GBR,Europe
Penningtonslaw,1,0.005468005239412242,3,3,1,605430592,Penningtons Manches Cooper,534,3459,3,London,law,body,GBR,Europe
EmirCrowne,2,0.010936010478824485,2,1,4,3058335055,Dr. Emir Crowne,404,840,2,Caracas,law,male,VEN,South America
Unipalbrothers,2,0.010936010478824485,0,0,0,1173540765085175800,Unipal Brothers Impex,399,22,NA,Lahore,business,body,PAK,Asia
KCJine,1,0.005468005239412242,10,10,17,1073414743,Kelvin Omuojine,1431,1533,10,Abuja,law,male,NGA,Africa
thegranthall,1,0.005468005239412242,0,0,1,426295743,Grant Hall,618,537,NA,Columbus,business,male,USA,North America
SScownIPIT,1,0.005468005239412242,1,1,4,1187300200861393e3,Stephens Scown Intellectual Property and IT Team,299,66,1,London,law,body,GBR,Europe
PeppLaw,1,0.005468005239412242,2,2,7,820191288,Pepperdine Caruso Law,425,1741,1,Los Angeles,academia,body,USA,North America
SportsLawUL1,1,0.005468005239412242,4,4,10,1063037294322561e3,SportsLaw@UL,203,121,4,Dublin,academia,body,IRL,Europe
Talent_Lawyer,1,0.005468005239412242,2,2,11,2885431253,Chris Paget,528,614,2,London,law,male,GBR,Europe
StuartLesterLaw,1,0.005468005239412242,0,0,0,966603884780228600,Stuart Lester,114,44,NA,London,law,male,GBR,Europe
